,index,닉네임,작성날짜,작성시간,별점,내용
0,9402,맛있냠,2018-03-16,16:50:54,5,진짜 맛있네요 항상 똑같은 새송이요리만 하다 새롭게 해봤는데 넘 달콤매콤 맛있어요 후기에 조금 짜다는 말이 있어서 고추장이랑 간장을 살짝 줄이니 아주 딱입니다 잘먹겠습니다^-^
1,9402,ki hee kim,2022-09-23,00:43:02,5,"고추장맛이 강하게 느껴졌는데 남편은 맛있다고 엄지척했어요!
저는 담에 할땐 고추장 1숟갈만 넣어보려구용~^^
우리집 고추장이 많이 짠거같아유~
맛있는 레시피 감사합니당^^"
2,9402,딸둘얌80,2020-07-25,12:07:18,5,"버섯을 좋아하는데 아주 유용한 레시피네요
맛있어요
단거 싫어해서 올리고당 반 줄였어도 매실액 때문에 달달하니 맛있네요
녹말가루가 쫀득거리니 술안주로도 좋아용^^
좋은 레시피 감사해요"
3,9402,Yeo Da Hye,2017-05-21,09:59:51,5,맛잇엇어요! 조금 짠감잇으니 양조절 하셔야할듯요!! 근데 내버섯은 왜 쭈글 하고줄어들지요........ㅠ
4,9402,나경이맘♥,2018-03-05,12:37:49,5,저 같은 요알못이 해도 꿀맛이네요♡ 감사합니다
5,9402,반짝반짝별이,2016-02-26,19:15:38,4,"새송이버섯이 많아서 찾아보다가 따라만들었어요^^
고추장이 매워서 좀 맵지만 맛있어요! 술안주로도 아주 좋을듯^^"
6,9402,바나나우유조아,2018-04-22,14:46:58,4,간단하게 맛난요리 잘 먹었습니다! 소스는 쬐금 짠데 담엔 고추장이랑 간장 덜 넣어보려구요 근데 왜 제 버섯은 안 튀겨지고 쭈구리가ㅜㅜ
7,9402,정연화-지혁맘..^^♥,2017-02-21,10:21:05,3,새송이가 많이 작아져요...^^...너무 오래 튀겼나요?
8,9403,윤사장님.,2016-06-12,10:48:15,4,소스 양조절이 어렵네요 그래도 많이 맵지도 달지도 않고 괜찮네요
9,9408,★반지★ S•M-CHOI,2021-04-28,21:09:17,5,버터를 욕심냈더니좀 짜서 어떡하나 했는데..밥반찬으로 딱이더라고요~맛있었어요.감사합니다
10,9408,맛나게묵구시포욤,2021-07-05,13:48:45,5,간단하면서 쫄깃하고 맛나요ㅎㅎ 덕분에 밥반찬으로 잘먹었습니다^^! 두명이서 먹기 좋은 양이었습니다ㅎㅎ
11,9408,밥차렷,2022-04-02,12:37:03,5,버섯 좋아하는 제 입엔 너무 맛있고 자주 해먹을것 같은데 애들은 시큰둥하네요;;; 짜지않고 고소하고 암튼 너무 맛있어요^^
12,9408,야우소헵,2021-03-07,18:54:16,5,반신반의하면서 요리했는데..오잉? 하면서 먹게되네요 버터의 부드러움이 송이버섯과 잘어울려요
13,9408,지에지에♥,2020-05-16,18:29:59,5,토요일 점심반찬으로 해먹었는데 너무 맛있네용 ㅋㅋ 남자친구가 칼집을 양쪽으로 내는데 시간이 조금 걸렸지만 최고의 메뉴입니당 ㅋㅋㅋㅋㅋ
14,9408,M.DoDo,2021-12-10,00:01:10,5,"처음에는 무슨맛으로 먹는건가 했는데 생각보다 아주 별미네요~! 항상 고기 구워먹고, 두개정도씩 남아서 고민이 많았는데 진짜 맛있어요. 버터의 풍미 미쳤어요ㅋ쉽고 맛있는 레시피 너무 감사합니다."
15,9408,선녀셈,2020-10-31,18:40:06,5,두번째 만들었는데 마늘 다져 넣었더니 풍미가 더 좋아요! 맛있게 잘 먹었습니다:)
16,9408,서호호,2019-09-23,20:34:21,5,맛술없이 파랑 마늘 다져넣고 매운맛 좋아하면 청양고추 넣음 좋을거 같아요. 애들 때문에 고추는 패쑤~~맛나고 쉬운 요리 감사해요~^^
17,9408,하늘보기,2022-08-21,15:31:18,5,"관자맛이나네요.ㅎㅎ
뒷맛은 관자보다 더 깔끔하네요.
밥반찬으로 딱입니다"
18,9408,수진,2021-11-13,15:27:52,5,"신랑이 저녁에 버섯사오면 이거해주냐고 물어보네욯ㅎㅎㅎ
정말맛있었어요!"
19,9408,켕이♥,2019-10-15,19:59:50,5,맛술대신 소주넣엇구요 새송이 꼭다리쪽이 더 쫄깃하니 관자같아요! 오징어에도 버터에 이소스뿌려서 해도맛잇구요!
20,9408,요리못하는사람,2019-12-06,19:33:35,5,졸일때 버섯 안에 물이 나와서 잘하고 있는건가 걱정됐는데 완전 맛있었어요!! 버섯을 좀 크게 조각내서 다 간이 배일까도 걱정했는데 진짜 맛있었습니당! 간편하면서 특별한 요리였어요~ 어린잎 채소를 안 팔아서 상추로 데코레이션 해보았습니당..ㅋㅋㅋ 다음에도 이런 요리 많이 알려주세요
21,9408,지은,2021-02-28,18:33:33,5,와 이거완전강추고요 간단한데 완전존맛탱구리입니다 대박 이거안좋아하는사람은없을거예요
22,9408,지으으니,2019-12-03,18:15:32,5,정말 맛있어요 새송이 별로 안 좋아하는데 새송이로 하는 최고의 요리예요 레시피 감사드려요 ㅎㅎ
23,9408,움칰킨,2021-03-22,22:44:55,5,"제가 요알못이라 색이 진하게나와서 짜진않을까 걱정했는데 전~혀 안짜고 맛있게 잘먹었습니당ㅎㅎ
맛있는데 만들기까지 쉬워서 너무좋아요"
24,9408,신진영,2022-01-15,17:46:06,5,"38,15개월이랑 먹으려고 간을 약하게 했는데 둘 다 잘 먹어서 기분 좋아요ㅎㅎ 
조만간 또 해줘야겠어요~감사합니다^^"
25,9408,찡*,2020-04-20,06:45:31,5,버터없어서 식용유에 구웠는데 맛있어요! 버섯 이제 이렇게만 먹을거같아오 ㅎㅎㅎ
26,9408,지와니아빠,2019-11-08,18:01:47,5,오..기대없이 집에세송이남아서 따라해봤는데 고소한버터향돌면서 짭쪼름한기 맛있네요..
27,9408,요리하는방구,2020-11-07,11:11:49,5,생각했던 것보다 훨씬 맛있네요! 반입 베어물면 정말 관자 같기도 하고요 ㅎㅎ 레시피 감사합니다!
28,9408,행복한 전진~*,2021-02-28,20:03:01,5,"우와~!!버섯과 관자를 넘나 좋아하는데
이런 믓찐 방법이 있었네요!!쵝오!!!"
29,9408,초보요리사인서님,2020-04-07,16:37:52,5,레시피 감사합니다. 저는 소스 잘못 맞춰서 간장2 맛술2 요리당4 했더니 ㅠㅠ 너무 달아서 매콤한 반찬이랑 같이 먹고 있어요. 정말 레시피대로 하는게 좋구나라고 느꼈어요!! 그리고 버섯을 관자모양?으로 했더니 정말 귀엽더라구요. ㅎㅎ 레시피 정말 감사합니다~^0^♡
30,9408,ㅇㄱㅅ,2019-10-23,12:06:37,5,청양고추랑 다진마늘만 추가해서 맛있게 먹었어요! 양쪽으로 칼집 내니까 씹을때 부드럽고 오돌오돌 식감도 짱 조아욘ㅋㅋㅋ
31,9408,밍배,2021-03-10,15:46:32,5,"비쥬얼은 별로지만 맛있어요!
버섯이 1개밖에 없어서 
칼집을 조금 많이 낸건지 간장의 양을 많이한건지
조금 짜더라구요
밥이랑 같이 먹어야 할 것 같은데
데워먹을때 피자치즈 얹어서 전자렌지 살짝 돌리면 진짜 맛있는 술안주 될 거 같아요,,"
32,9408,팡팡겸디,2019-08-20,17:41:33,5,예쁘고 맛도 짱짱이에요! 손님 올 때마다 반찬으로 만들어내놓는데 반응이 너무 좋습니다!
33,9408,진진77,2020-11-17,18:55:53,5,"버섯 좋아하는 우리딸이 최고라네요~^^
칼집내는게 힘조절이 필요하지만 맛있네요~^^
종종 해먹어야겠어요."
34,9408,가람만두,2021-04-24,13:47:01,5,두 번이나 해먹었습니다.. 할 때마다 버섯 두 개씩 해먹는데 매번 버섯 모자라다고 느껴요 -_- 한 번에 앉아서 이 맛있는 균류를 10개씩 조지고 싶다고 생각하고 있습니다. 꿀맛
35,9408,피오나여왕,2021-03-22,06:30:43,5,"아침부터 버터향이 퍼지는것이 너무 향기롭네요
맛은 한층더 합니다~~~
간편하고 영양많은 버섯요리 도전해보아요^^
감사합니다"
36,9408,sooov,2019-12-29,23:43:06,5,짤까봐 걱정했는데 하나도 안 짜고 너무 맛있었어요!! 맛술대신 소주 넣었고 새송이 양이 2배라 소스도 2배로 했습니다! 잘 먹었습니다~
37,9408,nowuj,2021-03-22,09:49:11,5,"진짜 고급요리가 됐어요! 요리과정도, 재료도 너무 간단해서 버섯에 칼집내는게 제일 오래걸릴정도였어요 감사합니다"
38,9408,각부애,2021-02-16,19:17:18,5,"요리법도 간단하고 너무 맛있어용ㅎㅎ
저는 청양고추랑 아스파라거스 같이 넣어서 밥반찬으로 먹었습니다!"
39,9408,Stay°♡,2020-08-17,11:38:41,5,"초간단 아이들 반찬으로 저도 해보았어요^^
버섯 싫어하는 아이들도 잘 먹을거 같아요~~!!^^"
40,9408,asuka0315,2022-04-10,12:38:28,5,"반찬으로 먹을거라 새송이버섯을 3~4등분 후 한번씩 더 작게 자르고 마지막에 통깨를 추가해서 마무리했는데, 버터의 고소함과 간장의 짭쪼름함 그리고 올리고당의 달달함이 어우러져 단짠단짠~ 맛있는 반찬이 완성됐네요... ^0^
앞으로도 자주 해먹을 듯~"
41,9408,뭉근송이,2020-07-11,19:02:27,5,버섯 요리 좋아해서 이것저것 하는데 간단하고 맛있어요 전 버터에 마늘 튀겨서 했는데 더 좋네요
42,9408,꾸뚜,2020-02-17,20:05:12,5,"신랑이 맛있다고 해줬어요!!
제가 만든거 중에서 몇 안되는 칭찬을 받았네요 ㅎ 감사합니다 ㅎ"
43,9408,깡따삐아,2020-01-16,09:51:16,5,새로운 버섯레시피가 필요했는데 잘 먹었습니다. 저한테는 좀 짜서 소금 간 하지않은 후라이랑 먹었어요^^
44,9408,유진경,2022-08-10,07:21:59,5,"아침에 뚝딱 만들었습니다. 간단하고 근사하게 나오는 음식인 것 같아요.
가지도 같이 구워봤는데 버섯보다 더 빨리 물러지네요."
45,9408,서0323,2019-09-22,09:19:20,5,"식감진짜 좋아요! 맛있어서 연달아 해먹었어요
 간단하고 맛있고 고급진느낌까지
새송이반전이에요~ 청양고추 다져서 넣어도 매콤하니 맛있더라고요 잘먹었습니다"
46,9408,쏭쏭홍홍,2020-11-17,20:12:22,5,"진짜 관자맛!! 짱짱짱이네요
좀더 맛있게 먹겠다고 버터를 너무 많이했더니
좀 느끼하긴했는데 그래도 맛있었어요
담엔 레시피를 정확히 따를게요ㅎㅎ"
47,9408,songcnei,2020-02-18,17:31:42,5,"쉽고 맛있고
저는 요리 잼뱅이인데
이번 레시피는 쉐프의 요리처럼^^
감사합나다"
48,9408,심이끄야,2020-11-24,20:55:50,5,"어머어머!! 안해보고 안먹었던거라.. 반신반의하면서 했는데.. 어머..버섯을 이렇게 맛나게 먹는 방법이 있었다니!! 레시피 너무너무 감사해요~^^ 
이렇게 간단하고 맛나게 할 수 있다니
최고예요~~^^ 사진은 흡입해서..없네유 ㅠㅠ"
49,9408,상황버섯초복,2020-12-27,10:35:10,5,아이반찬으로 최고에요. 술안주로도 좋고 얼마든지 먹을 수 있겠어요. 새송이구이의 신세계예요.최고!!
50,9408,-연보라,2021-09-03,12:30:27,5,"너무맛있어요♡
남편도 진짜 관자같다며ㅎㅎ
아이들도맛있다며 좋아하네요^^"
51,9408,Mieru,2021-10-19,18:01:33,5,"요리하는 아빠입니다. 선생님, 단순, 간단, 명료 하면서도 최고의 맛을 끌어낸 레시피입니다. 정말 맛있습니다. 일주일에 한번은 해먹게 되는 레시피였습니다."
52,9408,아무개,2022-02-17,20:29:10,5,지금 너무 맛있게 먹고 있어요 평상시에 버섯 별로 안 좋아하는데 이렇게는 매일 먹을 수 있어요 ㅠㅜ 내일 마트가서 새송이버섯 싹쓸이 하려구요
53,9408,혜지연원,2020-12-09,23:17:31,5,버터가 조금 많이 들어가서 살짝 느끼했지만 맛있게 잘 먹었어요 좋은정보 많이 올려주세요^^
54,9408,feel8197,2020-11-25,23:00:44,5,"칼집을 어찌저리 이쁘게 내셨을까요 ㅋ 전 넘 깊게 되서 모양이 안이쁘더라구요 ㅋ 
저는 첫판으로 새송이로 해먹고 두번째로 팽이버섯에 야채 들들 볶아 덮밥으로 해먹었어요 식구들도 넘 잘먹었네요 ㅋㅋ"
55,9408,하늘의그리움,2021-10-13,12:32:36,5,"쫄깃쫄깃 맛있어요~
전 무염버터 넣고 했는데 간이 딱 좋았어요~ 담번엔 버섯을 다른 모양으로 잘라서도 해보려구요~ 감사합니다~~"
56,9408,쏭꼬마,2020-03-11,13:04:59,5,존맛이에요!! 저는 버섯을 레시피보다는 조금 얇게 썰어서 했는데 그것도 맛있네요
57,9408,일병애미,2020-02-26,13:44:00,5,"간단하게 조리해서 고급진 맛을 느꼈어요 
집에 홍게간장이 있어서 썼더니 더 관자같은 느낌 
밑동부분 식감은 관자라고해도 속을정도에요"
58,9408,ja0,2020-01-22,12:20:05,5,"요리과정이 간단해 요리초보인 저에게 딱맞는 요리네요~
재료도 간단하고..
넘 맛있게 잘먹었어요~"
59,9408,치명적 매력,2020-02-25,19:57:49,5,"아이 아빠도, 아이도 너무 맛있데요~
새송이 간장조림 이제껏 편 썰어서 했었는데 모양을 바꿔주는 것 만으로도 맛이 업되는 느낌이네요.
잘 먹었습니다"
60,9408,IM_MJ,2020-09-08,20:31:45,5,"집에 버섯있고 다른것도 다 있길래 해봤는데 너무너무맛있었어요 진짜 대박...
너무 간단하고 맛있었습니다 ㅎㅎㅎ"
61,9408,이선미msmsms,2020-04-10,09:54:43,5,"입덧하는 와이프를 위해 준비해줬더니 
정말좋아해줘서 너무 좋았어요~^^감사요"
62,9408,이주향,2022-05-31,12:03:12,5,"송이버섯요리 너무 좋아요.
간편간식 으로 좋고 고급져요.
가족이 다 좋아해요. 감사합니다"
63,9408,고집뿔똥,2021-02-04,19:27:04,5,"정말 맛있어요
애들이 관자 질겨서 이빨낀다고 안먹는데 이건 완죤 강츄
단, 버터 많이 넣음 쫌 느끼하네요"
64,9408,ji:),2020-09-28,12:03:46,5,"저희아이 작은 버섯은 좋아하는데 요 버섯은 항상 좀 질기다고 안먹었는데 이레시피로하니까 
아이도 좋아하고 저희 가족 다 잘 먹네요"
65,9408,매직티치,2021-05-26,10:45:23,5,우와 이거 밥도둑이네요! 요리하기도 편하고 재료도 많이 필요없어서 넘 좋아요
66,9408,니노니니,2021-04-02,14:02:35,5,다 집어먹고 두개남은거 찍었는데 이거 인생요리에요 드는 노력에 비해 너무 맛있는 음식이 나오는 신기한 요리.....
67,9408,웨입럽,2021-11-29,22:04:36,5,"간단하게 해먹기 좋네요 아이들도 좋아하고^^
간장을 조금 많이 넣었네요ㅋ"
68,9408,벼라리,2020-03-26,14:14:43,5,와 진짜 간단한데 맛있어요 ㅠㅠ!! 키조개 관자 버터 구이 먹고싶은데 비싸기도 하고 간단하게 할 수 있는데 뭐있다가 찾아보다 레시피 발견 ㅠㅠ 아 진짜 신의한수 잘 먹겠습니당 !!
69,9408,조린두부,2021-08-29,18:22:15,5,"양념되어 있는 간장에 맛술, 올리고당만 첨가해 조렸어요.. 요리가 따로 없네요 ㅎ
정보 감사합니다^^"
70,9408,미쎄쑤 홍,2020-06-06,16:37:12,5,간단한데 맛은 진리네요ㅋ 버섯에서 이런맛이 나다니.. ㅋ 자주해먹고 있어요 감사합니다
71,9408,스프라이트조아,2020-01-06,19:36:50,5,"버섯으로 이런멋진요리를 할수있다니...
잘배우고 잘 만들어봅니다..다이어트식으로 최고인듯해요^^"
72,9408,JJINIJINI,2020-03-26,14:19:14,5,"정말 간단하게 만들면서 맛은 또 너무 맛있어요ㅋㅋㅋㅋ
벌써 두번이나 해먹었어요ㅋㅋㅋㅋ
질리지도 않아서 자주 해 먹을듯하네용ㅋㅋㅋ
파 다져서 위에 올려서 같이 먹는데 꿀맛입니다"
73,9408,Gen1556,2020-04-19,09:24:48,5,정말 맛있어요. 관자 비슷한 느낌!! 칼집은 한쪽 면에만 했는데.그래도 괜찮은거 같아요~
74,9408,끼르,2020-04-25,14:02:12,5,진짜 간단한데 맛까지 있어요 살짝 태웠는데도 맛이 있다니 실패란 없는 메뉴...ㄷㄷ
75,9408,알롱지현,2020-07-07,21:21:19,5,"쉽고 간편한 요리 감사드려요
맛술을 좀 더 넣었더니 새콤해졌네요ㅠ 담엔 맛술 적게 해서 또 후기 올릴게요"
76,9408,어느별에서온토끼,2020-11-09,05:15:18,5,"너무 맛있어요!!! 마늘 넣으면 버터갈릭처럼 더 맛있을것 같아요
맥주안주로 부담도 안되고 최곱니다!!!!!
고급안주 알려주셔서 감사합니댜"
77,9408,조이쁘미,2020-03-20,05:55:31,5,특이하고 맛있는 메뉴라 먹으면서도 신기했어요. 칼집을 낸 버섯이 쫄깃쫄깃 씹히니까 그냥 먹을 때랑 다르게 더 맛있었던 것 같아요. 감사합니다^^
78,9408,pjklcth,2021-10-11,22:18:34,5,"진~~~짜 맛나네요~^^어른들이 좋아하셨어요~~
칼집을 깊게 내면 부드럽고 양념 맛이 진하게 나고
칼집이 얕으면 쪽득쪽득함 식감으로 먹을 수 있네요~
감사합니다~~~^^"
79,9408,오다다닥,2020-12-01,17:14:28,5,어머이거미친맛!!저버섯엄청좋아하는대 어머 이런맛도잇다니 어머 미쳐땅 ㅋㅋㅋ 잘먹겟습니다!!!감사함당!!
80,9408,지요율맘,2021-03-06,12:55:16,5,아침에 고딩아들밥상에 올렸더니 엄지척하네요.. 새송이버섯을 이렇게 해주니 새로운가 봐요.. 요리정보 감사합니다~~^^
81,9408,이미영(지,2020-04-16,10:59:29,5,"양조절 실패로 버터양이 많고 조금 싱거웠지만 
간단하면서 맛있고 뭔가 있어보이는 요리~~~
다음에는 소스에 파 청양고추도 넣어서 해봐야겠어요"
82,9408,아랑6,2021-05-04,08:08:06,5,"칼집내는 일이 꽤나 번거로웠는데 새송이버섯 세개가 순식간에 없어져 뿌듯했습니다.
좋은 레시피 감사합니다."
83,9408,PEAK_,2020-09-20,13:05:24,5,"반찬으로도 너뮤 좋구
손님한테
내놓을때도 좋아요
다들 깜짝 놀래요
요리 방법도 쉽구여!!

아기도 잘먹어서 아주 좋네요 ㅎㅎ"
84,9408,째꼬,2022-08-31,18:01:50,5,"굉장히 심플한 요리인데 식구들이 정말 맛있게 먹었네요
특히 울집서 입맛 가장 예민한 아들이 엄지척!!해 줬답니다
좋은 레시피 감사해요"
85,9408,개고양,2021-07-07,23:01:30,5,"별기대 없이 그냥 한번 해봤는데 정말 맛있네요. 저희 엄마도 너무 맛있다고 새송이버섯 요리 중 이게 최고래요.
버터 양은 조절해서 새송이 버섯 2개당 버터 10g으로 했어요."
86,9408,Nam_santower,2022-03-26,10:53:51,5,"와 진짜 맛있어요 
버터가 많이 들어가서 맛없을 수가 없다네요~~
손님 오셔도 손색없을메뉴 ㅎㅎ감사합니다!!"
87,9408,인드라k,2020-02-03,12:45:56,5,"아이가 넘 좋아해요.
버터의 느끼함이 고소한맛이 뒤를 감싸주고 달콤하고 짭조림해요."
88,9408,이레플레이트,2022-11-04,19:55:34,5,이건 버섯요리의 신세계입니다. 버섯에서 관자 맛이나네요 넘 맛나서 아이들이 숭삭 저는 몇게못먹었네요
89,9408,쭈재성쫑,2021-03-14,18:57:36,5,레시피 덕에 금새 뚝딱뚝딱 만들었는데 신랑이랑 아이가 너무 맛있데요. 반찬 만드는거 너무 어려워서 싫어하는데 완전 쉽게 만들었어요. 오늘 너무 기분좋은 저녁밥상이 되었어요.감사합니다^^
90,9408,파피푸페,2022-01-12,01:36:39,5,"칼집을 위, 아래로 해서 버터에 굽고 레시피대로 했는데, 정말 예쁘고 맛있게 먹었어요! 감사드려요~"
91,9408,신희정,2021-07-10,19:47:57,5,"맛있어요 ^^ 술안주로도 좋고, 고기와도 잘어울려요. 덕분에 집에서 외식느낌 났어요.ㅎㅎㅎ"
92,9408,김영배,2022-04-05,16:54:16,5,"항상 해본다, 해본다 하다가 오늘에서야 했습니다.
확실히 버터로 구우니까 고소하고 맛있습니다.
맛술은 없어서 못 넣었는데 그래도 정말 맛있습니다. 레시피를 알려주신 분께 감사드립니다."
93,9408,쩡이롸미,2022-08-22,19:23:44,5,"벌써 몇번째 해먹었어요^^
오늘은 닭가슴살도 찢어넣고 상추썰어서 곁들였는데 너무 맛있으면서도 건강식이니요!
밥반찬으로도 완전 어울려요!!"
94,9408,아다미맘,2020-12-26,19:54:03,5,잘 안먹는 새송이 버섯이 갑자기 생겨서 레시피보고 응용해서 만들어봤어요! 정말 맛있게 잘먹었습니다♥️
95,9408,다강로,2020-12-03,20:02:10,5,"요리법이나 재료는 간단하지만
비주얼이랑 맛은 최고최고였어요!!!
애들도 잘 먹었고, 신랑이 먹더니 안주로도 너무 좋을거 같다고 하더라구요 ㅎㅎ자주 해먹어야겠어요. 잘 먹었습니다〰〰"
96,9408,《초보밥린이》,2020-09-10,14:09:32,5,버섯 식감도 너무 좋구 소스도 맛있어요!! 오늘루 두번째 해먹었습니당 *^^*
97,9408,삐용이누나,2022-06-10,17:29:18,5,완전 맛있어요! 이거랑 밥만 먹어도 든든하네요 남녀노소 좋아할거같아요
98,9408,8045,2021-03-02,23:40:50,5,"버터향에단짝단짝ㅎㅎㅎ
맛나네요ㅎㅎ하기도쉽고
자주해먹을듯싶어용"
99,9408,알이즈웰03,2019-09-07,15:04:25,5,정말 맛있게 먹었어요! 집들이 음식으로 내놓아도 손색 없을 것 같아요.
100,9408,수빈수호유빈맘,2020-07-12,20:11:04,5,요리 잼병도 가능한 요리예요 맛있게 만들어서 반찬으로 뚝딱했네요~^^
101,9408,이민희,2021-05-07,09:32:34,5,"전이나 복음으로 하던 새송이를 요리로 만들었네요~ 감사 ^ .^ ~ ~ 
♡♡"
102,9408,L.M.S iii,2021-08-31,18:35:40,5,다이어트 중이라 버터 안넣고 간도 싱겁게 했지만 쫀득쫀득 맛있어요!
103,9408,요리하는도로시,2021-02-03,20:49:24,5,"집에 버섯이 많아 도전해봤는데 고급요리같아요.
맛있게잘먹었습니다"
104,9408,로이냥,2020-03-22,11:09:42,5,미니새송이가있어서 해봤는데 5살 아들이 엄청 맛있게 먹었어요!! ㅎ
105,9408,ljh960716,2021-01-09,10:18:38,5,호기심에 한번 해봤는데 버섯 싫어하는 저도 참 맛있게 잘먹었어요!!
106,9408,채원맘꼬미,2020-11-17,18:30:08,5,"버섯에서 정말 관자맛이나요~!
뻔한 버섯요리에서 탈출하게됬어요^^"
107,9408,VIVA7,2022-02-22,17:56:50,5,"애들한테 점수 마니 받았어요
정말 맛있게 먹었습니다.
감사합니다"
108,9408,령이랑 후랑,2022-08-03,23:38:30,5,"아이들이 고기보다 맛있다고 엄지척 해줬어요 
내일 또 해보려구욤"
109,9408,bokdori,2020-12-23,20:24:49,5,존맛 내일 홈파티에 준비할 거 미리 테스트해봤는데 진짜 맛있어요
110,9408,뿡혜니,2020-04-12,11:31:51,5,아침에 간단히 먹으려고 한 개 했는데 맛있어서 더 먹고싶어요ㅋㅋ
111,9408,ksros1,2020-03-12,23:33:07,5,맥주안주로 엄마해드렸는데 너무 맛있어하시네요 감사합니다 ㅎㅎ
112,9408,heeju7768,2021-08-24,18:46:10,5,버섯이 정말 관자같아요! 저는 버터 반만 썼는데도 맛있네요~ 강추!
113,9408,당신과나,2019-09-02,10:59:30,5,"간단한 재료로 요리할수 있어 더 좋았어요^^
맛있게 잘 먹었습니다."
114,9408,현미와 보리밥,2021-06-10,13:13:01,5,"칼집귀찮아서 그냥 구웠는데 맛있어요
다음에 또 해먹어야겠어요"
115,9408,황금콕맘,2020-07-27,15:30:14,5,버섯을 죻아하는데.. 너무맛잇어요ㅠㅠ 자주 종종해먹어야겟어요
116,9408,내일의요리사ㅋ,2020-12-08,12:09:53,5,"쉽게 설영해주셔서 맛있게 먹었어요^^
맛있어서 또 먹으려구요ㅋ"
117,9408,강세륜,2022-04-21,18:49:20,5,감사합니다 지인이 관자인줄 알더라구요 맛있어해서 행복했어요
118,9408,리아리,2020-03-02,17:41:09,5,이거 진짜 맛있어요! 쉽고! 제 자취요리 베스트 5 안에 들어가요!
119,9408,여금화,2019-11-21,15:50:53,5,"가리비도 같은 방법으로 해먹었어요
간단하면서도 맛있네요^^ㅋ"
120,9408,가을녀자,2021-09-28,13:15:18,5,칼집내니 식감이 다르네요 버터양은 줄여봣어요 무염버터 ㅎㅎ
121,9408,양순임,2022-04-20,21:38:59,5,감사 합니다. 모양도 예쁘고 맛도 있었어요 사진은 못 찍었네요
122,9408,사막천사,2020-05-12,17:06:39,5,"6살아들이 너무 맛있게 먹어요.
쉽고 좋은 레시피 감사합니다~^^"
123,9408,인똑,2022-02-02,13:03:21,5,맛있었어요☺️ 엄마가 드셔보시고 넘 고급지고 맛있다고ㅎㅎ
124,9408,김진아,2022-04-08,19:39:28,5,초보라 간장이 좀 타버리는 바람에 불?맛버섯구이가 됐어요...
125,9408,연두와개두,2021-01-25,19:13:15,5,"새송이버섯 이렇게 맛있는지 몰랐네요
칼집내니식감도좋아요"
126,9408,이다솜♥,2020-05-20,18:16:23,5,"정말 맛있었어요!!
한번 먹을 양만큼씩 해먹으면 최고에요~!!"
127,9408,김처루안,2020-03-30,23:22:04,5,다진마늘 반큰술 더 넣었더니 딱 갈릭버터맛이에요ㅋㅋㅋ
128,9408,도롱이입기,2020-11-04,20:10:19,5,쫄깃쫄깃하고 맛있어요. 씹는맛도 좋고 버터향도 좋아요.
129,9408,-나나나낸ㆍ,2020-08-19,17:26:13,5,아이가 맛있게 잘먹었어요 요리법도 간단한데 맛좋네요^^
130,9408,킴민,2020-04-05,20:04:52,5,"기대이상 맛있어요! 
ㅎㅎㅎㅎㅎㅎㅎ레시피 감사합니다!"
131,9408,석가미니,2020-03-15,06:15:17,5,간단하고 맛있게 먹었어요 좋은 레시피 감사합니당 ㅎㅎ
132,9408,Somi,2022-08-23,17:10:28,5,이건 정말 주기적으로 해먹게되네여. 너무 맛잇습니다!
133,9408,774,2022-10-12,14:55:07,5,아버지 안주로 간단하게 만들어드리고 만족해하셨어요
134,9408,임임효은,2020-04-08,22:29:36,5,다진마늘추가했더니 넘맛있어효ㅎㅎ달큰한마늘빵느낌
135,9408,Kim Jae Ho,2021-01-27,19:14:02,5,"너무 맛있어서 사진찍는 걸 깜빡했습니다 
감사합니다"
136,9408,Mirko K,2022-01-05,23:24:45,5,와이프가 너무 맛있다고 놀라네요 내일또해달래요 ㅎ
137,9408,정아란,2020-11-03,15:23:18,5,아이들 반찬으로 너무 좋아요~ 간단하고 맛있고 ㅋㅋ
138,9408,음영,2022-03-24,20:55:37,5,감사해요 후기 남긴다고 늦게 찍어서 먹던걸로 ㅎㅎ
139,9408,lunar1986,2019-08-27,19:39:32,5,"이거 진짜 최고에요!
정말 맛있게 잘 해먹었습니다!!"
140,9408,Eun Young Kim McIntyre,2020-07-13,07:03:15,5,간단하고 고급스럽게 잘해먹었네여. 감사합니다..^^
141,9408,호리존탈,2021-03-15,23:12:09,5,느끼한거 못먹는분들은 버터 조금만 넣어서드세용
142,9408,신혼S2,2020-03-01,18:40:48,5,정말 부드럽고 고소하고 맛있었어요~감사합니다 ^^
143,9408,튀김옷이하얀탕수육,2019-11-14,11:54:26,5,넘나리 맛있어요~~ 크리스마스 파티에도 할거예요
144,9408,kwjlyr****,2021-07-08,06:34:12,5,버터 넣고 간장조림으로 맛있게 잘 먹었습니다 ^^
145,9408,dmsli,2020-06-06,22:54:44,5,"사진은
허접하지만 너무 맛있게 먹었어용 ㅎㅎ"
146,9408,마돈나쥐,2020-04-03,19:10:48,5,버섯 별로 안좋아하는데 이건 정말 맛있네요~
147,9408,부기동 쪼쪼,2022-03-09,11:46:58,5,집들이용 비쥬얼 요리로도 좋을거 같아요 ㅎ
148,9408,에렐레레리,2022-09-27,16:35:02,5,"존맛탱...
새송이버섯더사올걸 후회되요....."
149,9408,리마인더,2020-08-29,19:20:50,5,올리고당 더 넣으니 디져트됏어여 근데맛남
150,9408,코로나엔집밥,2020-03-22,17:31:20,5,최고에요~ 버섯으로 한상 푸짐하게먹었어요
151,9408,devan☞⊙▽⊙☜,2020-10-15,18:38:42,5,버섯 잘 안먹는데 이건 너무너무 맛있어요!
152,9408,국이 넘쳐흘러,2020-09-19,13:18:39,5,버섯이랑 친해질수 있겠어요^^ 넘 맛있어요!
153,9408,낭듕,2022-01-05,13:35:02,5,만들기 쉽고 맛도 맛있었어요!감사합니다><
154,9408,보라정이,2019-10-22,21:14:58,5,이렇게 간단하고 맛있을수가 있나요♡♡♡
155,9408,avecpiano1,2021-11-14,18:40:27,5,"간장을 태워서..ㅋㅎ
그래도 맛있더라구요"
156,9408,Sarah_Rhee,2020-04-01,20:08:22,5,덕분에 맛있게 잘 해먹었어요! 감사합니다
157,9408,윤우예서아빠,2022-02-13,21:15:37,5,"넘 맛있네요..
혼술 안주로 해먹었습니다.."
158,9408,꼼지부인,2020-03-06,12:02:26,5,맛있어요~간단하니~저희아이도잘먹어요ㅠ
159,9408,두부예비맘,2022-07-09,08:28:51,5,와 진짜 맛있네요;; 자주 해먹어야겠어요
160,9408,초폴릭,2020-03-23,10:03:38,5,간이 잘 배이면서 맛있게 해먹었습니다~!
161,9408,초딩둘애미,2020-08-25,16:33:09,5,완전 감동적인 요리입니다 너무맛있네요
162,9408,임윤주,2022-08-10,00:56:27,5,간단하게 만들어서 맛있게 잘 먹었어요^^
163,9408,ゆいぴよ 유이,2020-10-04,22:43:17,5,"저는 위부분도 구웠어요!
맛있었어요~！"
164,9408,귀욤싯포,2020-09-07,23:27:10,5,간단하게 빨리 만들수 있어서 좋았어요
165,9408,호야맘@,2019-12-07,22:36:47,5,맛있어요..간단하게 만드는 일품요리^^
166,9408,조승훈1,2020-06-28,19:35:23,5,애들이 맛있다고 계속 해달라는데요...
167,9408,sky9023268,2022-03-30,20:22:32,5,간편하니 너무 맛있게 잘 먹었습니다
168,9408,gun9507,2021-04-10,19:32:34,5,"고급스러운 음식처럼 보여요
맛도 짱"
169,9408,동경현용,2019-11-19,23:01:35,5,간단하면서도 풍미가 장난 아니네요
170,9408,이뽀라엄마,2020-06-01,12:13:09,5,덕분에 새송이를 맛나게 먹었습니다
171,9408,Diana Leelew,2020-04-28,15:38:05,5,간단하고 싸고 건강하고 대박입니다
172,9408,희진씨,2022-02-15,21:07:37,5,맛있어요 앞으로도 종종해먹을게요
173,9408,hjjybaby,2020-09-07,22:05:02,5,전복같은 식감에 너무 맛있었어요
174,9408,은솔셰프,2020-12-03,17:45:52,5,정말 관자 같아요. 정말 맛있어요.
175,9408,송지혜ㅡ,2019-07-11,23:31:21,5,신기해요 오도독한 식감 맛있어요
176,9408,기타인이,2021-04-19,20:27:46,5,고소하고 맛있고 쉬워서 최고에요
177,9408,요린이,2022-07-22,16:50:07,5,완전 맛있어요 단짠단짠 밥도둑..
178,9408,바다탐험대옥토넛,2022-03-16,21:09:00,5,요똥이 만들어도 맛있네요!! ㅎㅎ
179,9408,꼭이,2020-11-16,15:53:49,5,맛있었어요ㅎㅎ 진짜 관자인줄♡
180,9408,히야히야,2021-04-25,17:33:59,5,감사해요 맛있는 저녁해봤어요!^^
181,9408,신비한 바다가 되고 싶은 강,2020-07-04,18:35:45,5,긴말 필요 업고. ㅎㄷㄷ 고냥 짱.
182,9408,빛이마미,2022-01-12,19:00:23,5,버터의 풍미가 엄청나게 좋아요
183,9408,-비행천사,2020-08-12,20:22:26,5,아이들이 맛있다고 잘먹어요!!!!
184,9408,rhcOh,2020-11-04,11:46:05,5,너무 쫄깃하고 맛있었어요 ㅎㅎ
185,9408,로별,2020-11-16,13:03:22,5,간간히 먹을만하고 괜찮았어용
186,9408,kyw10****,2019-09-04,23:02:27,5,맛있었어요ㅎ맛도 모양도 최고
187,9408,,2020-07-18,21:28:14,5,맛있어요^^~~ 식감두 냄새도 good
188,9408,엘리엄마,2020-04-08,00:40:21,5,너무 맛있네요~ 감사합니다~ ^^
189,9408,하늘빛미소,2020-04-12,20:08:59,5,넘 맛있게 잘 해먹었습니다~♡
190,9408,큐주,2021-12-10,18:52:17,5,집들이 음식으로 최고였어요^^
191,9408,여진이다,2020-04-16,02:21:59,5,....왜 이제 알게됬을까요 꿀맛
192,9408,aehti s,2020-10-10,12:43:21,5,기대 안 했는데 정말 맛있어요
193,9408,세공주,2020-04-12,15:12:10,5,간단히 해서 먹기 너무 좋아요
194,9408,김민경,2022-03-06,19:09:03,5,맛있게 잘 만들어 먹었습니다
195,9408,윤우승우맘,2020-03-02,16:52:52,5,보기도 좋고 맛도 좋네요~~^^
196,9408,문소옴,2020-09-27,23:46:48,5,너무쉽고 맛도좋고 짱이에요
197,9408,드림사랑,2020-04-16,19:58:07,5,간단한데 맛은 최고에요~!! ^^
198,9408,사랑해하니,2021-06-16,19:48:12,5,간단하고 정말 맛있어요♡♡
199,9408,anta14,2022-08-08,12:27:24,5,단짠 쫄깃의 극치 맛있어요!
200,9408,릴몬,2020-03-03,01:35:50,5,진쨔 마싯어요 ㅠㅠㅠㅠㅠ
201,9408,엄마대장,2020-04-08,18:28:15,5,레시피쉬운데너무맛있어요
202,9408,하닌니,2020-01-30,21:20:03,5,"기대이상이네요
맛있어요^^"
203,9408,GY Yu,2021-05-11,19:57:49,5,남편이 젤 좋아해요!ㅎㅎㅎ
204,9408,Darlie,2020-04-24,18:39:46,5,맛있어요! 꼭 드셔보세요 :)
205,9408,소호♡,2020-07-16,03:22:36,5,단짠단짠 맥주를 부르네요
206,9408,쩡이랑쫑이랑,2021-09-10,06:52:43,5,맛있게 잘 먹었어요! 최고!
207,9408,믿음소망사랑맘경화,2021-12-14,09:29:15,5,너무 맛있어요 감사합니다
208,9408,낌민영,2019-07-20,12:48:02,5,너무 맛있네요 강추합니다
209,9408,쩡♥️,2021-05-05,11:51:39,5,이렇게 맛있으면 반칙이죠
210,9408,지나,2022-04-20,20:31:58,5,맛나게 만들어 먹었어요~~
211,9408,호2잇,2019-08-01,18:15:11,5,너무 맛있게 잘먹었어요:D
212,9408,리몽이,2020-01-08,23:03:12,5,와 이거진짜 맛나요 ㅋㅋ
213,9408,yjuzzang,2020-08-11,18:01:33,5,간단하면서 맛있어요^^♡
214,9408,소여니마미랑데디랑,2021-05-30,18:28:17,5,맛있네요♡감사합니다
215,9408,oejcs,2021-06-12,09:56:13,5,간단한데넘맛있어요ㅎ
216,9408,잘먹고건강하게,2022-09-09,14:36:32,5,맛있어요 감사합니다
217,9408,초보호로록,2021-05-31,13:19:26,5,맛있게 잘 해먹었어요!
218,9408,재희어진 아빠,2021-08-24,18:37:14,5,환상의 맛 그 자체예요
219,9408,태소맘,2022-02-09,18:04:07,5,간단하고 맛있어요~~^^
220,9408,그니그니,2022-01-29,11:53:53,5,식감도 좋고 맛있어요
221,9408,wideray,2021-10-23,10:34:58,5,너무맛있게먹었어요~!
222,9408,숲송,2020-02-25,21:33:29,5,맛있게 잘 먹었습니당
223,9408,커밍숭,2020-10-20,20:05:30,5,간단하고 맛있어요!!
224,9408,은지aaa,2021-01-21,18:05:03,5,간단하고 맛있어요^^
225,9408,minmin,2022-01-03,04:41:01,5,간편하고 맛있어요!
226,9408,요리하기싫다정말싫다,2020-08-21,19:06:21,5,뷰드럽고 맛잇어요!
227,9408,찌니하니맘,2020-06-17,18:36:26,5,간편하고 맛있어요
228,9408,또,2022-07-09,20:50:48,5,밥도둑이네용 ㅎㅎ
229,9408,yj m,2020-02-13,16:21:55,5,간단하고 맛있네요
230,9408,-ms20035,2020-03-29,16:13:06,5,맛있는 반찬이네요
231,9408,앙시장,2022-05-13,22:04:57,5,감사해요 맛나요~~
232,9408,은빛햇살,2021-07-09,21:00:24,5,진짜 맛있어요
233,9408,예쁘뉼,2021-12-28,21:32:07,5,진짜 맛있어요
234,9408,시리03,2020-11-30,20:26:33,5,잘먹었습니다~
235,9408,김윤순 순,2020-08-28,09:30:50,5,맛있었습니다~
236,9408,오늘은 더 감사해요♥,2020-03-13,18:52:22,5,정말 짱이에요
237,9408,정0210,2020-04-14,07:27:00,5,정말 맛있네요
238,9408,승승자매아빠,2020-09-17,07:34:38,5,너무 맛있어용
239,9408,kjw1****,2022-02-04,20:55:02,5,완전 맛나요ㅋ
240,9408,배고프앙힝,2020-09-25,17:34:45,5,맛있어요 ㅎㅎ
241,9408,류기류기임,2020-11-02,14:55:31,5,맛있어요 ~!~!
242,9408,Su Jeong Na,2020-06-18,18:36:22,5,대존맛입니다
243,9408,따라따라땃따따,2020-02-18,20:15:37,5,존맛탱이애오
244,9408,방느님,2020-07-16,20:12:46,5,잘먹었습니다
245,9408,우리아가 서워닝,2020-05-03,19:23:07,5,최고맛나요~
246,9408,엄현지님❤,2021-04-29,20:40:39,5,맛있어요!!!
247,9408,쿠보누나,2019-11-10,20:22:39,5,맛있어요~~
248,9408,오기♥️,2020-11-24,19:34:38,5,맛있어요.
249,9408,워너언맘,2022-03-23,19:00:59,5,맛있어요
250,9408,진아양❤,2021-12-31,18:31:39,5,짱마싯음
251,9408,문어님,2022-02-19,20:43:14,5,맛있어요
252,9408,HAMLEE,2021-06-01,19:13:57,5,맛있어요
253,9408,코머스,2021-05-27,09:16:35,4,"와이프가 좋아하네요
만들기 쉽고, 버섯이 작아서 똑같진 않지만 맛있었어요."
254,9408,jay,2022-02-06,12:34:55,4,"양념줄여서 아기 반찬으로 줬어요:) 
편식하는 아기 버섯 절대 안먹는데 잘 먹어서
감동이에요…ㅎㅎ
다만 제가 먹어보니 버터가 너무 많은지 느끼해요"
255,9408,aestas,2020-11-22,15:30:26,4,새송이 버섯 다르게 먹고 싶을때 괜찮은 아이디어 같아요. ^^
256,9408,김혜경,2021-06-14,22:16:43,4,간단하면서도 맛있는 그러면서도 건강 레시피 감사합니다.
257,9408,보르댕1020,2020-03-06,17:33:47,4,식감은 좋아요. 근데 다소 느끼해요^^;;
258,9408,요리잘하고싶당ㅠㅠ,2021-10-02,14:44:40,4,레시피 감사해요 ~
259,9408,요리하는송송,2021-05-18,21:47:10,4,술안주에요 ㅋㅋ
260,9408,Hyangsook Shin,2022-01-17,18:07:21,4,맛있어요~♡
261,9408,우쭈임쭈,2019-11-24,02:12:59,3,왜저는 시큼한거죠..ㅜ 맛술때문인가..
262,9408,재임(채윤♥채희),2021-07-15,09:11:50,3,보통이에요
263,9409,소소화,2019-12-04,16:34:06,5,버섯에서 물이 나와서 좀 실패했는데 그래도 맛있어요 ㅎ 딸이 버섯을 싫어해서 만들어본건데 잘먹네요 감사합니다.
264,9409,우정스,2020-04-22,20:00:13,5,저녁반찬으로 만들어봤는데 다들 맛있다고 칭찬들었어욯ㅎㅎ쉽고 맛잇는 반찬 목록에 넣어놔야겠어요
265,9409,코코아123,2022-10-29,12:20:19,5,"너무 맛있네요
버섯을 렌지에 돌려서 구우니 수월하네요
렌지에 돌리고 생긴 버섯물은 양념장에 넣었어요
버섯구운 프라이팬에 양파와 대파 조금 넣고 볶다가 
양념장을 넣어 끊이다가 버섯을 넣어 마져 졸이니 좋더라구요"
266,9409,︎킴쿡,2020-07-12,21:43:41,5,매콤하고 맛있어요~~! 세송이 에다가 표고버섯 팽이버섯까지 더 넣어 먹었는데 덕분에 저녁은 간단하고 맛있는 식사했습니다!
267,9409,아타라,2020-05-22,12:16:57,5,짜진 않을까 달진 않을까 걱정했는데 제 입에 딱 맞고 너무 좋아요ㅋㅋ 맛있게 한끼 잘 먹었습니다
268,9409,나의사랑들,2021-12-21,19:04:17,5,맛있어요. 첨에는 고추장 맛이 너무 나나 싶었지만 아니예요. 참 맛있어요.
269,9409,ㄷㄴ슥ㅂㄷㄴ스즈,2020-03-03,07:13:10,5,"남편이 버섯 좋아하는데, 이렇게 해주니 맛있게 먹더라구요. 감사합니다~~"
270,9409,나몬♡,2019-07-08,17:09:40,5,전 에어프라이에 버섯구우면서 양념발라줬는데 담백하고 맛있게 됫어요~
271,9409,Nguyễn Trâm,2021-11-02,15:26:35,5,"이음식을 만드는방법을 잘알려줘서 감사합니다
잘만들어서 잘먹었어요"
272,9409,희꾸진뚜,2022-07-28,18:39:44,5,술 안주네요ㅎㅎ맛있어요 스크랩해줬다가 종종 해먹어야겠어요ㅋㅋ
273,9409,윙봉제리,2021-08-03,21:24:32,5,"레시피대로 하니까 진짜 맛있어요
다음날 다시 또 해먹었어요!!"
274,9409,쑈옹잇,2022-04-13,14:39:09,5,"밥반찬, 술안주로 최고네요! 해서 바로 먹는 재미에요ㅎ"
275,9409,밥힘,2019-07-18,17:51:00,5,매운 걸 좋아하는 사람으로서 정말 맛있었어요!!!
276,9409,ssssshinyu,2019-09-08,17:39:46,5,댓글을 잘 안 남기는 편인데 진짜 너무 맛있어요
277,9409,변동이한용,2019-08-01,13:13:31,5,레시피 좋아요~맛나게 잘해서 먹었습니다 ~
278,9409,단디단,2020-05-19,19:49:18,5,좀 짜긴했는데 맛있게 잘먹었어요
279,9409,꿀메론,2020-08-03,14:14:38,5,양념된것도 진짜 맛이좋네요^^♥
280,9409,미소녀송송,2019-11-17,16:59:30,5,매콤달달 너무 맛있어요~~
281,9409,심행인,2020-01-19,22:22:51,5,맛나게 잘묵엇니더
282,9409,히야히야,2021-04-25,17:35:04,5,맛나게먹었어용!^^
283,9409,기쁘미♡,2020-08-04,20:19:52,5,크 엄청 맛있어요
284,9409,은빛햇살,2022-05-14,23:09:55,5,맛있어요
285,9409,원재,2022-05-04,17:59:19,5,맛있어요
286,9409,비락,2019-07-05,01:50:54,4,"진짜 엄청 맛있어요 버섯 좋아하는데 ㅠ
두툼하게 썰수록 버섯 풍미가 강하네요!!
근데 양념이 너무 잘타서 초보분들은 주의하셔야겠어요ㅎㅎ
양념이 정말 맛있어서 캠핑가면 양념 만들어서 가져가려구요
꼬챙이에 끼워서 양념발라 구우면 하.....
진짜 침나오네요
맛있게 잘먹었습니다! 감사해요"
287,9409,qqweeewq,2021-10-31,15:15:41,4,모르고 마늘 한숟갈이나 넣었더니 너무 많이 넣어서 마늘 맛이 너무 많이 났지만 맛있었어요 ㅋㅋ 일단 다 구운 다음 양념에 구우니까 양념도 안타고 좋았어요 꿀팁 감사합니다
288,9412,오늘도추억이된다,2020-12-10,18:25:39,5,맛있었어요~ 버터를 넘많이 사용했더니 좀 느끼하다는 의견이 있었지만. 전 만족합니다~^^
289,9412,뽕샘,2020-02-17,19:21:32,5,"쫄깃해진 새송이와 꽈리고추가 어우러져 정말 맛있는 요리가 되었어요. 비쥬얼도 굳~~ 
새송이 아주 큰거와 버터에 구울때 중불로 구우면 더좋아요~"
290,9412,차꼼,2020-09-11,22:02:58,5,꽈리고추가 없어서 넣진 못했어요 ㅠㅠ 색을 보면 너무 진해서 짜지 않을까 걱정했는데 괜찮았구요 ㅎㅎ 식감이 너무 좋아요 칼집을 저 방향대로 넣어서 부드럽게 씹히고 보기에도 있어보이고 예쁘네요 ㅎㅎ
291,9412,힙뽀,2022-04-06,19:34:07,5,생각보다 너무 맛있어서 깜짝 놀랐어요. 씹을때 마다 고소하고 달콤한 맛이 나요
292,9412,앨리스수,2021-01-27,19:37:10,5,정말 맛있어요. 술안주로도 밥반찬으로도 굳이에요. 쉽고 간단해서 빠르고요. 매운것 빼고 간 조절만 좀 약하게 하면 아이들도 좋아해요. 아이들 줄땐 고추대신 파프리카를 넣어서 하니까 잘 먹네요.
293,9412,☆에스더,2019-11-16,19:53:44,5,"맛있단 분들 많아서 잔뜩 해가지고 오빠네도 줬는데 먹음직스럽고 맛나고 정말 좋으네요!
쉽고 간편하면서 맛나게 먹을 수 있는 레시피 올려주셔서 감사합니다!"
294,9412,5스타맘,2019-09-26,22:19:31,5,요고요고 넘 맛나는데여~~~ 모양 때문잇지 관자 식감에 고기맛이 나는건 제 기분 탓일까여???ㅋㅋㅋ
295,9412,블루버드1,2022-01-25,16:36:38,5,"넘 맛있게 한끼 해결했어요
요리도 고급스러움이 묻어나고
계속 해먹을거예요 ^^"
296,9412,셋mom,2020-04-27,09:02:46,5,"넘 맛났어요. 비주얼만 보고 아이들과 재료맞추기도 은근 재미났구요. 단맛만 본인입맛에 맞춰 조심하면 될것같아요
훌륭한 레시피를 공유해주셔서 감사합니다~^^"
297,9412,맑은하늘바람,2019-10-08,23:37:15,5,대박 맛있어요! 남편꺼 안 남기고 제가 간식으로 다 먹을거 같아요. 재료도 많이 안 들어가고 양념도 집에 다 있는거고 정말 쉽게 만들었어요^^
298,9412,영양만점89,2021-08-16,19:00:43,5,안짜게 해서 그냥 막집어먹었는데 요리같았어요ㅎ자주 해먹을거에요
299,9412,누니누니,2021-06-11,12:54:06,5,"맛나네요
버섯잘안먹는울아들
잘먹었음하는바램으로만들어봤어요~"
300,9412,카페11윤민희,2019-09-25,16:02:30,5,전복같다고함서비쥬얼로놀래고 맛도맛나고^^!!감사해용
301,9412,초미니22,2019-10-18,18:24:33,5,만들기도 쉽고 한정식집 고급요리 같아요.
302,9412,뽀랭쓰,2021-04-25,16:44:09,5,간단하면서도 맛있어요 ♡
303,9412,gebba****,2021-03-15,20:02:29,5,떡갈비랑 함께 먹었어요 ^^
304,9412,세계최강지존요리사지망생,2020-08-26,20:38:22,5,진짜 너무 쉽고 맛있어요
305,9412,-송매,2019-09-21,09:31:17,5,아주 간결하고 맛있어유
306,9412,황유딩,2019-10-19,22:49:30,5,맛있게 잘 만들었어요^^
307,9412,니나노님,2021-06-21,20:46:10,5,맛있게잘먹었습니다
308,9412,두부음마,2021-01-16,16:24:42,4,"요리 마치고 버섯 딱 먹었을때 태어나 처음 먹어보는 음식 같았어요 ㅎㅎ 
버터는 빵에만 해먹어봐서,, 근데 꽈리고추가 정말 맛나더라고요"
309,9412,jiniun****,2022-07-09,07:34:30,4,"큰 기대안하고 만들었는데 초4 아들도 잘 먹고 특히 남편이 맛있다며 잘 먹어서 좋았어요^^
새송이 버섯은 사면 항상 남아서 버리는 경우가 많았는데 앞으론 유용하게 잘 해먹을 것 같아요
좋은 레시피 공유 감사합니다."
310,9413,bongbong1004,2018-01-04,21:28:43,5,"맛있어요~
근데 제가 너무 데쳤나봐요
버섯이 살짝 물컹해졌어요
왠지 더덕이나 황태도 이렇게 하면 맛있을 거 같다는 생각이 들더라구요:)"
311,9413,쏭주부,2020-10-08,21:34:01,5,요리초보가 버섯을 500그램이나 사버려서 뭘 해 먹어야하나 싶었는데 알려주신 레시피로 덮밥해서 넘 맛있게 먹었어요~ 감사합니다^^
312,9413,내사랑희똥이,2020-04-26,10:44:54,5,만들기 전 질문인데요~ㅎ 굳이 데쳐야하는 이유는뭘까요? 원래 버섯이 금방익는데... 그냥 씻어 꼭 짠 후 하면안되나요? 다른 레시피들도 다 데치라고들하드라구요~^^
313,9413,urisar****,2017-08-09,15:11:54,5,맛있어요~ 벌써 여러 번 해 먹었답니다 ^^
314,9413,온도도,2020-01-09,21:06:50,5,맛있어요!!! 양념이 감칠맛나요 ㅎㅎㅎ
315,9413,윤이쁨2,2019-11-17,12:23:39,5,와 맛있네요 종종해먹어야겠어요
316,9413,macciddA,2017-12-16,20:47:55,5,대박간단하고 맛있어요
317,9415,yej6****,2020-09-07,02:43:00,5,"에어프라이기 성능이 안좋아서 기름에 퐁당 튀겼는데
풍미가 장난아닙니당~ 갖다팔아도 될 정도예요!!!!!!강추"
318,9415,자살퀸,2020-10-05,21:18:05,5,에어프라이어로 만든 첫 요리 ! 고기 육즙을 좀 더 잘 가둘 수 있었다면 더 맛있겠어요
319,9415,요리하는여고생,2020-08-05,20:33:58,5,"중학생인데 엄마 생신이라서 만들었는데 저는 초보라서 
1시간 30분 정도 걸렸어요!맛은 담백하고 고소하고 부드럽고..동생이 생긴게 너무 귀엽다네요!!저녁식사로 맛있게먹었습니다^^
 사진이 좀 어둡게 나왔지만 
실제론 정말 먹음직스러워요 ㅎㅎ"
320,9415,키즈카페전문업체(미산),2022-10-31,20:27:53,5,"쉽고 간편하고 너무 맛있어요!
영양반찬으로 딱인듯합니다~
동그랑땡!맛과 비슷하기도 햇어요
급하게~빵가루가 없어서 식빵남은 두조각으로 부셔서 했어용~
그리고 빵가루 안묻혀도 맛있어서~~간편식 종종해서 먹어요!"
321,9415,getinto.,2021-04-11,19:00:21,5,넘맛있었어요 ㅎㅎ 굴소스 안넣어도 간이 딱이더라구요. 나중에 집들이 할때 음식으로도 좋을 것 같아요. 레시피 감사합니다:)
322,9415,나온규령맘,2021-02-12,21:37:55,5,"최고예요 
버섯 안좋아하는 아이도 맛있게 먹었어요"
323,9415,원삼맘,2020-10-12,21:54:11,5,시간도 적게 걸리고 너무 맛있었어요^^
324,9417,-xiangbai126,2020-10-28,22:52:20,5,너무 감사해요~~밑반찬 무엇을 할지 고민했었는데 간단하면 맛있게 뚝딱할수 있는 메뉴 알려쥐서 좋아요! 맛도 짱!!!
325,9417,경수산나,2022-09-08,21:53:58,5,"쉽게 따라 할수있는데 
맛은 정말 좋아요.
딸이 엄지척!!
하네요.
좋은 레시피 감사합니다."
326,9417,보리보리,2021-09-09,21:03:33,5,"사진 보이시나요!!! 엉망으로 담긴 했지만
따라서 해본다고 열심히 했어요 ㅋㅋ
소스 너무 맛있습니다~
새송이 말고 다른거에 해도 맛있을 듯♥
다음에 또 해먹을께요^^"
327,9417,행복한삼부자,2021-05-12,17:36:15,5,"쪽파가 없어서 브로콜리 데친거로 데코하고
양념이 많이 남아서 떡국떡 넣어서 조려봤어요~
너무 맛있습니다^^"
328,9417,gomtenqe,2020-01-11,18:42:14,5,러시피 대로 요리하여 맛나게 얌얌 했어유. 고마워유.
329,9417,치즈케잌,2022-06-10,20:23:56,5,너무 맛있어요~~~!!!먹느라 사진은 못찍었네요ㅠㅜ
330,9417,선영❤현석,2020-11-22,10:06:59,5,사먹는 것 보다 넘 맛있어요~ 넘 간단하네요~~
331,9417,Julieahn,2020-07-08,23:04:17,5,레시피도 간단하고 맛나게 먹었습니다.
332,9417,소소,2022-07-09,15:12:08,5,따라 하기 쉽고 맛도 좋네요~
333,9417,Kumiho-Ladytom,2020-04-18,22:36:52,5,오빠가 너무 좋아해요
334,9418,요리하는여고생,2022-01-10,16:45:55,5,전 버섯이 2개 밖에 없어서 2개로만 해봤어요. 꼬독꼬독하고 매콤하니 맛있어요!! 완전 밥도둑
335,9419,☆메모지☆,2020-08-13,08:33:58,5,맛있어요! 밥이랑 먹으니까 꿀맛! 저한텐 좀 짜서 다음엔 고추장을 줄여보려구요. 레시피 감사해요!
336,9419,쪼비,2019-12-26,06:04:24,5,"부드럽게 먹고싶어서 집에버터있길래 반수저넣고 함볶아주고 양념투척 올리고당한스푼추가했음둥
맛있어용~^-^"
337,9419,란나55,2018-11-20,13:30:49,5,정말 맛있게 먹었어요. 저렴한 가격에 새송이 구입해서 이렇게 고급지게 먹을 수 있다니 정보 간사합니다
338,9419,생각보다잘하네,2018-11-15,11:18:46,5,오 버섯요리가 이렇게 맛있는지 처음알았어요 ~ 칼칼하고 말캉하니 좋네용^^
339,9419,yh9019,2018-10-07,11:53:50,5,더덕구이 좋아하는데 비슷한맛이나요 ㅎㅎ버섯 별로 안좋아하는데도 맛있게먹었습니다
340,9419,ㄷㄴ슥ㅂㄷㄴ스즈,2020-04-07,12:10:10,5,맛있어요~ 버섯을 기름없이 구우니 느끼하지 않고 더 좋은거같아요
341,9419,천상여자쑤,2015-09-07,13:53:27,5,고추장양념땜에 금방타서 조절하기힘들었지만 쫄깃쫄깃 맛났어용
342,9419,시츄사랑,2021-02-16,18:50:14,5,간댠한데 정말 쫄깃하고 폼나는 반찬이 완성~맛있게 잘먹었습니다
343,9419,인형의집,2018-08-21,20:29:13,5,쫀득하고 새송이버섯의 상큼함이 베어나네요^^고맙습니다 호호호
344,9419,코끼리맘보,2018-10-20,09:06:31,5,맛있습니다^^ 감칠맛 내려고 매실좀 넣었어요ㅋㅋㅋ 감사해요!
345,9419,younah0929,2018-08-21,18:10:56,5,맛있어요...식구들 이 다 잘먹네요..아이가 엄청 좋아해요..^^
346,9419,KyeongSuk Lee 어을림,2018-11-12,10:04:30,5,"저녁 찬으로해서 잘먹엇습니다
감사합니다"
347,9419,언제나초보ㅜㅜ,2020-12-16,10:13:17,5,벌써 몇번째 해먹고있어요 맛나용 ㅎㅎ
348,9419,최향남,2017-01-06,19:03:14,5,간단하면서도 먼가 있어보이네요!! ㅋ
349,9419,맛있냠,2018-01-26,16:23:47,5,완전 맛있네요 오 대박bbb
350,9419,풀루트,2018-08-25,09:02:40,5,"쫄깃한 식감!
최고!"
351,9419,Yeon Seon Kim,2019-01-22,11:45:47,5,잘먹엇읍니당~~~^^
352,9419,카리스♥Shim,2016-07-11,20:47:40,5,맛 쏘굿~
353,9419,나해니~~♥♥,2018-08-23,01:43:36,4,"급하게 밑반찬 할께 없었는데 새송이버섯구이를 보고 간단하게 밥상에 올려봤습니다
빠른시간안에 좋은 레시피 감사합니다 색다른맛이 였어요~~^^"
354,9419,귤조앙,2018-11-29,15:59:56,4,"버섯을 좋아하는 남편과 맛있게 먹었네요~
레시피 감사합니다~~"
355,9419,봄탱잉,2019-05-23,20:01:32,4,맛있어요^^저는 탈까봐 물 조금 넣고 조려 주었어요~
356,9419,이셩셩이당,2020-05-01,14:32:58,4,간단하개 해먹기 좋으네요^^
357,9420,연초록사랑,2018-06-07,21:48:15,5,간단하면서도 특별한 새송이요리를 알려 주셔서 쉐프님께 감사드려요. 저도 도전해서 버터 풍미가 물씬 풍겨나는 새송이를 식구들과 함께 즐겼답니다. 간장2T 넣었고요. 너무 오래 구우면 버섯에서 물이 나오니 살짝 굽는게 팁 같네요.
358,9420,케트,2018-08-12,21:59:09,5,오늘 저녁반찬에 한자리 차지했는데 간단하고 맛났어요. 얼른 해서 먹느냐 사진은 못 찍었네요.
359,9420,헴딸기,2017-05-04,12:45:51,5,진~짜 맛있네요!!! 저도 밑에 리뷰들 보고 간장은 줄여서 넣었는데 너무너무 맛있었어요♥♥ 파 대신 파슬리 뿌려 먹어도 예쁘고 맛있었네요^^
360,9420,구구꿀떡,2018-02-11,19:37:39,5,"진짜 맛있는 레시피!!
신랑이 진짜 맛있다고 엄청 좋아하네요!!
버터들어가서 그런지 엄청 고소하고 맛있어요
간은 짜다는 후기보고 조금씩 넣었고 많이 안넣어도 맛나네요^^^"
361,9420,멍뭉이릴리,2020-11-06,08:50:42,5,"오우 너무 맛있었어요!
간을 좀 약하게 했고요
버터는 넉넉하게 넣으세여 ㅎㅎ 전 새송이 2개에 버터 세큰술 정도 넣었네욤
글고 쫄깃해잘때까지 충분히 익히세요!
양념 자체가 넘 맛있다보니
오히려 대파랑은 안어올리는것 같아욤... 대파 맛이 너무 강하달까"
362,9420,Thanksmom,2016-11-17,18:57:59,5,비주얼도 짱이고 맛도 짱입니다~~~다만 저는 짜다는 말에 간장을 조금 넣었는데 그 간장을 다 안써도 간간하더라고요~~^^
363,9420,브랜든님,2016-06-08,20:19:49,5,별 기대 안하고 만들었는데 넘 맛나요^^ 버터의 풍미도 좋고 쫄깃한것이 굿굿ㅎ짜다는 댓글보고 양념을 조금 줄여넣었더니 딱 맞고 맛있었답니다~ 좋은 레시피 감사해용ㅎ
364,9420,알이즈웰03,2018-06-12,21:25:27,5,"진짜 맛있어요. 엄지척!! 이 정도 양에 소스 딱 2배 하니 맞네요^^ 저도 후기 보고 간장은 2T 기준으로 했고, 올리고당이 없어 꿀 사용했어요. 덕분에 식사 맛있게 했습니다. 좋은 레시피 감사합니다."
365,9420,오골계질척녀,2017-06-10,19:42:01,5,"신랑이 맛있대요 전 야채 섞어서 만들었어요
양송이 2개만 갖고 만드니까 헉 할만큼 짜서요"
366,9420,퓨어,2019-10-16,13:35:00,5,"밥상의 퀄리티를 올려줍니다!!
여러번 해먹었지만 실패 없이 늘 잘 만들어 먹네요
감사합니다^^"
367,9420,헬로이루,2018-12-29,15:11:41,5,새송이를 사놓고 뭐해먹을까 고민했는데 덕분에 간편하고 맛있게 먹었어요~^^
368,9420,lysuk****,2018-12-21,15:28:44,5,"맛있네요. 전 많이하느라 굽지 않고 썰어서 어묵도 같이 넣고 양념장 부어 조렸습니다.
자극성 없고 약간 단짠의 맛이라 매운거 싫어하는 입맛엔 딱일것 같아요."
369,9420,깜콩맘,2018-08-16,23:15:41,5,정말 맛있네요 ~~ 계속 해먹을꺼 같애요 간도 딱 떨어지게 맛있어요 ^^ 감사합니다
370,9420,쿠쿠가가갉,2018-05-28,16:47:56,5,파가 없어 마지막에 다진파를 못했지만 정말 맛있어요!!버섯 안먹는 저희 아들도 맛있게 먹었어용ㅎㅎ
371,9420,새싹뿅뿅,2017-06-09,13:33:01,5,만들어 먹어봤는데 간장양념 조절해서 적게 넣으니 간이 알맞게 맛있네요~^^
372,9420,봉쥬엄마,2018-02-02,13:19:23,5,"버섯 싫어하는 남편 입맛에 딱!!!
너무 맛있게 먹었어여.
감사합니다."
373,9420,두리말리,2017-09-04,09:05:22,5,"정말 맛있어요^^
저도 간장을 2로 줄여했는데 간이 딱맞아요. 감사."
374,9420,스타티스♥,2017-10-16,20:28:34,5,간장을 줄여서 먹으니까 간이 적당해지는 것 같아요 맛있어요
375,9420,yks127,2018-09-08,18:55:54,5,새송이요리방법을몰랐는데.조은방법알려주셔서감신합니다..
376,9420,h_hsun,2018-08-15,20:29:51,5,"댓글처음써봐요 정말 너무 맛잇어요!
감사해요~~~"
377,9420,밍바라기,2018-08-24,13:56:03,5,간단하고 고급지게 잘 해먹고 있습니다 ㅎㅎ
378,9420,지은#,2018-09-02,20:32:35,5,레시피대로햇더니 맛잇어요ㅡㅈ최고!!♡
379,9420,뿌꾸321,2018-10-08,07:50:51,5,"정말 맛나게 잘먹었답니다 
감사합니다"
380,9420,박sam,2018-06-07,15:30:11,5,오~~아주괜찮아요~~무슨요리한 느낌ㅎㅎ
381,9420,Hi 2016...최종민,2016-11-20,08:46:25,5,초간단..쫄깃쫄깃 고기대신 먹었습니다.
382,9420,맛난 게 먹고파~ ♥♡,2017-06-06,18:15:53,5,해 먹었는데 맛있어요. 레시피감사해요
383,9420,혜성이네,2018-06-30,22:15:53,5,간단하고 맛있게 잘 먹었어요!ㅋㅋ
384,9420,구름기둥,2018-05-15,21:43:32,5,식구들이랑 맛나게 먹었습니다.
385,9420,물빛처럼,2018-11-14,22:12:33,5,진짜 맛있네요! 고맙습니다~^^
386,9420,염초연,2021-08-28,22:36:51,5,술안주로 맛있게 먹었어요
387,9420,좋은보따리,2018-11-09,11:58:48,5,너무 맛있게 먹고 있어요^^
388,9420,짱아좋아,2020-03-08,21:11:49,5,아주 맛나게 잘먹었어요.
389,9420,해맑아람,2020-10-31,23:26:49,5,간단한데 맛있어요^^
390,9420,lacy sipo,2019-09-11,19:14:31,5,맛있어요!!
391,9420,밤곰이네,2018-02-24,22:43:54,4,"댓글 참고해서 간장은 2스푼만 넣었어요.

그리고 버섯에 양념장을 뿌려 졸일 때에,
양념장을 숟가락으로 떠서 버섯 위에 얹고 굽고
또 뒤집어 숟가락으로 양념장을 얹어 굽는 식으로 했더니 양념맛이 과하지 않고 딱 좋았어요! 요리달인이신 시어머니마저도 요리법을 물어보실 정도로 맛있었습니다 ㅎㅎ
잘 먹었어요^^"
392,9420,연예령,2016-02-05,21:07:53,4,엄마생신이라서 생일상차려드렸는데 맛있다면서 다 드셨어요~~제가 간장을 많이넣었던건지 너무 오래 조린건지 조금 짜더라구요~다음에는 더 맛있게 만들어볼꺼에요!
393,9420,용용영웅,2019-06-01,07:40:19,4,처치 곤란 새송이 버섯 맛있게 먹었어요
394,9420,쏭이1917,2016-12-04,20:11:53,4,"맛있었어요~~^^
남편이 좋아하네요^^"
395,9420,잠자는돼지갈비,2019-01-15,07:08:26,4,어머니 해드렸더니 너무 맛있데요!!
396,9420,뀨규한,2017-03-30,22:22:51,4,맛있어요!!!!!!
397,9421,람쥐씨:D,2022-01-30,17:35:02,5,"사다놓은 표고버섯을 어떻게 처리할까 하다가
이 레시피를 찾았습니다 :)
초간단인데 맛나요 ㅎㅎㅎ
저는 회(광어 우럭 방어) 시키고 사이드메뉴로 먹었어요 ㅎㅎㅎ
( & 화이트와인이요 ㅎㅎ)
근데 칼집을 × 말고 * 로 넣을 걸 그랬어요~ ㅎㅎㅎ 간이 안 세서.."
398,9421,sup,2021-09-19,15:44:27,5,진짜 맛있어요 ~!!!!
399,9421,실버잭,2022-05-05,23:29:48,1,간장 큰 1스푼 해야 술안주로 적당합니다. 파는 많이 하는 것이 좋습니다.
400,9422,설명,2022-05-02,08:05:10,5,달콤 짭짤 살짝 매콤! 이로운 레시피입니다 알려야합니다ㅋㅋ 두부도 부쳐서 두부에 얹어먹으니까 맛있었어요~ 전 두부랑 먹으려고 300g에 두부 반모 같이먹으니까 간이 딱되어요><
401,9422,고고우리,2021-06-23,15:20:11,5,"간단해서 초보자도 성공!^^ 닭가슴살, 두부 등 양념 활용도 좋을 것 같아요~~"
402,9422,금서니,2021-06-12,20:10:41,5,맛나요~~
403,9422,배솔희,2022-07-14,22:01:58,5,존맛탱
404,9423,빈망태,2020-09-20,16:25:52,5,"간단하고 맛있습니다.
굴소스 살짝첨가, 소주 안주로도 좋네요"
405,9423,1ntro,2020-03-20,22:49:31,5,진짜 너무 맛있어요 ♥️♥️♥️♥️♥️
406,9423,환희나라,2020-01-14,17:14:23,5,맛있어요 또해먹을게요!
407,9423,까똑까똑,2020-03-23,18:06:35,5,맛있게잘먹었습니다~^^
408,9424,코끼리맘보,2019-05-03,09:23:23,5,쪽파대신에 파절이 있어서 올렸어여ㅋㅋ 저희집 고추장이 매워가지구 꿀좀 넣었어여ㅋㅋ 맛있게 잘묵었습니당^^
409,9424,쭌맘-,2019-06-28,11:07:46,5,"남편이 혼자 뚝딱 다 먹을 정도로 맛있었습니다~^^
그냥 볶아먹으면 버섯향이 많이 나는데, 고추장 양념으로 환상입니다~"
410,9424,비행참새,2018-11-16,09:25:02,5,재료도 간단하고 요리방법도 색다르고 졸깃 하면서 맛도있네요.감사~
411,9425,명주♡,2017-03-11,18:55:22,5,"전 밥싸는 햄으로 했는데 버섯을 넘 익혔나봐요ㅠㅠ 
숨이 다 죽어서 모양이 영...다 타고 어휴~ 
도시락 싸가려고 만든건데 사람들 반응이 이상할거 같아여
근데 맛은 엄청 맛나네요!"
412,9425,자작나무2,2016-02-28,11:09:18,3,맛있게 먹었네요
413,9425,만레의개시피,2018-08-06,11:08:23,2,"맛있게 잘 먹었습니다. 감사합니다.
다만, 햄은 맛이 베이컨만 못하네요."
414,9426,,2020-02-07,19:59:00,5,"남편 도시락반찬으로 해줫는데 맛있다구 하네용ㅎㅎ
레시피도 간편하고 쉬워서 요리고자인 저에겐 한없이 도움되는 레시피였어용ㅎㅎ 감사합니다"
415,9426,젖소람보99,2019-09-30,12:53:02,5,진짜맛있어요 냉장고에 계란 새송이버섯이랑깻잎만있어서 뭐할까찾아봤는데 와 저장했어요 이레시피
416,9427,혁준♥ 명화,2018-05-01,20:32:05,5,"팽이랑 새송이 잘라서 했어요
아이들에겐 딱 맞는데 저는
조금더 짭조름한 맛을 좋아해서 담엔 간장을 조금 더 넣어야 겠어요
쉽고 간편해서 종종 해먹을것 같아요
맛있게 잘 먹었습니다~^^"
417,9427,김루카,2017-03-06,18:10:40,5,그릇에 한가득 담겨서 비주얼이 좀 부담스럽긴 하지만 정말 맛있어요~ 좀 더 큰 그릇을 꺼낼걸 그랬네요 ㅠ 소스까지 싹싹 온가족 모두 맛나게 먹었답니다^^
418,9427,JUNGJUMI,2017-06-17,02:03:16,5,진짜 진심으로 해보세요! 왼전 반할정도로 맛쪼아! 맛좋아 입니다. 넘. 넘 맛나요 내가 한거 맞아?. 할 정도로 이 레시피 대로 꼭! 해보세요. 전분을 묻혀 부친두부 쫀득해요. ㅋㅋ 소스도 일품입니다
419,9427,이제막요리시작한자취생,2021-09-08,20:37:49,5,"정말 건강하고 담백한 요리에요
대신 싱겁게 드시는 분들은 간장 1숟갈만 넣어도 충분합니다"
420,9427,sara호주,2018-09-07,19:27:12,5,버섯과 두부로 요리가 탄생했습니다. 소스가 맛있어서 쓱쓱 긁어먹었습니다. 좋은 레시피 감사합니다^^
421,9427,맛있냠,2018-02-27,16:18:37,5,두부는 쫀득 고소하고 버섯은 달콤짭잘하고..같이 먹으니 정말 맛있습니다 넘 좋은 레시피네요 감사합니다!!ㅎㅎ
422,9427,지수 ,2017-12-01,19:42:51,5,버섯안좋아하는데. 요케요리하니. 넘 맛있어요..
423,9427,prettymanul,2018-02-04,20:15:19,5,방울토마토랑 파도 같이 구워봤어요
424,9427,Judon6002@gmail.net 이,2017-11-26,10:11:22,5,간단하면서 맛있는 초고의 레시피
425,9427,behappy♡,2019-01-22,19:15:03,5,간단한데맛나요~~~
426,9427,꽃새우파스타,2017-03-10,18:37:18,4,간이 그리 세지 않네요? 간장 조금 더 넣음 그냥저냥 ^^간단한 재료들로 간단하게 잘먹었어요
427,9427,심콩심콩♡,2017-03-01,19:58:26,4,"팽이 버섯은 나중에 넣어 볶는게 좋을꺼같아서
별하나 뺍니다^^
맛있었어요 쉽고 ㅎㅎ"
428,9427,Sehyun Lee (Lynn),2017-03-08,03:56:09,4,너무맛있어요><
429,9428,랭보랭,2022-02-19,20:37:22,5,참깨소스도 만들어서 먹었는데 맛있었어요XD
430,9428,올라프나나,2021-07-07,20:08:47,5,맛있어요 ㅎㅎ 담백
431,9429,KIM YUN MI,2021-10-24,15:42:22,5,너무맛있어요! 간편하고 맛나요~~♡
432,9429,구름사이로 가다,2016-05-20,11:31:25,4,"그냥 볶아먹는것 말고도 이렇게 먹으니 괜찮은 반찬이 되네요.
매콤하니 맛있어요"
433,9430,♥햄♥,2022-08-08,11:15:43,5,간단하고 맛있어요
434,9431,수현,2022-03-15,08:56:37,5,너무 맛있게 먹었어요~^^ 최고
435,9431,redtomato,2021-02-19,18:06:41,5,너무 맛있어요~~
436,9431,soyunis2285,2020-12-15,20:17:39,5,맛있는
437,9432,토토빌,2021-01-03,11:50:53,5,쉽게 만들어 잘 먹었습니다
438,9433,요리를위하여,2017-09-30,15:02:09,5,"마늘 들어가면 불고기 맛이나서 마늘 안들어간 레시피를 찾고있었는데 감사합니다^^
저는 간이 좀 모자라서 후추를 좀 뿌려 간을 잡았더니 정~말 맛있더라구요."
439,9434,kim's sunny,2017-07-01,11:42:41,5,구워서 가지양념으로 올려줬는데 맛이좋아요. 구우니 수분도 날라가고 쫄깃하니 맛있어요
440,9434,backspace_03,2019-04-01,12:14:30,5,레시피도 쉽고 넘 맛나네요 ^^ 레시피 감사합니다
441,9434,heeyam,2019-04-04,17:52:50,5,아대박!!너무간단한데 맛진짜 좋아요~~~~~
442,9434,자 유,2019-11-07,06:04:00,5,소스가 너무 맛있어요ㅎㅎ
443,9435,생콩냥,2018-07-18,23:13:06,5,"구이로 해먹으니 매콤한게 계속땡기네요
넘맛있어요 감사해요~"
444,9435,momogolfer,2017-06-07,17:16:04,5,정말 맛있게 먹었어요^^ㄳㄳ 버섯으로 고기 대용했어요~
445,9435,sso,2017-06-08,11:41:49,5,오늘 해먹었는데 진짜맛나요!!!! _ 또해먹을래염 ㅋㅋ
446,9435,지원♥우영=장군이맘,2017-06-08,11:41:49,5,굽지 않아두 맛있어요..양파도 넣어서 먹으니 맛나요
447,9435,누리누리a,2017-06-05,15:26:05,5,너무 맛있게 잘 먹었습니다!!
448,9436,프라하의 봄,2021-08-02,12:15:35,5,"완전 맛있어요
입맛 없고 반찬도 없었는데 딸이랑 둘이 맛있게 먹었네요~^^"
449,9436,-화니후니엄마,2021-12-05,13:47:59,5,맛있어요. 밥반찬으로 딱이네요.
450,9436,ssossoim,2021-08-23,18:41:52,5,굿굿굿!별미네욧!ㅎ
451,9437,기순댁,2020-12-29,09:39:32,5,느타리버섯의 변신입니다 개운한맛 최고였어요!!
452,9437,늘과은,2016-11-10,13:45:18,3,감사합니다. 맛있게 먹겠습니다.
453,9438,홍삼김치,2017-06-04,16:59:09,5,버섯 요리 잘하는 분이 제일 부러워요. 투덜이 우리 아들이 엄마 해 주는것 다 맛있다고 칭찬해었어요.호호호 감사감사
454,9438,신이난바람,2020-04-01,17:10:03,5,순한 맛에 잘 먹었습니다~~
455,9439,주바라기a,2019-06-26,21:40:37,5,"감사해요~~^^
갑자기 생긴 버섯으로 레시피 덕분에 맛있게 먹었어요."
456,9439,김도영,2015-08-11,21:45:08,5,레시피보고 야식으로 맛있게 먹었습니다 ^^
457,9440,시즈,2018-06-09,11:48:30,5,"맛있게 잘 먹었습니다!! 브런치로 딱이었어요 ㅎㅎ
그릴이 없어서 그냥 팬에 구웠는데 버섯 구우면서 양파까지 같이 버터에 구우니 더 맛있었네요^^"
458,9440,KATErrr,2019-05-13,17:05:15,5,"엄청 간단하지만 맛은 좋아요!!
종종 해먹게 될것 같아요~감사합니다^^"
459,9440,甜蜜蜜你笑得甜蜜蜜,2020-12-10,13:12:02,5,버터랑 후추넣어서 그런지 버섯향과 맛이 사라져서 돈아깝네요
460,9441,최형화,2017-06-08,11:57:21,5,저도 해먹어봤는데 마늘향도 나고 맛있어용
461,9441,owe****,2016-07-23,21:02:14,3,쪼그만 새송이버섯으로 잘 만들어먹었어요. 아이가 잘먹네요^^
462,9442,002,2016-11-14,21:33:51,5,"맛있어요

물한컵은 꼭 넣어줘야 간장맛이 덜 느껴져서

짜지않은듯해요^^

이쑤시개는 하나만 꽂으니 베이컨이 풀어지네요"
463,9442,키즈맘,2017-03-26,20:52:29,5,"캠핑가서 했어요
인기 짱이요"
464,9442,씀씀이,2021-08-17,18:30:37,5,맛나게 먹었어요.감사합니다
465,9443,winnine,2017-09-24,23:15:36,5,간단히 잘 만들었어요 감사합니다.
466,9443,o다산의여왕o,2019-04-25,18:19:36,5,아가들이 잘먹네요
467,9444,맛있냠,2018-06-04,17:37:36,5,꺄 너~~무 맛있네요 버섯향이 살아있어서 최곱니다 간단하면서 완전 맛있어요 감사합니다^0^
468,9444,bsjj,2019-07-07,15:02:50,5,쉽고 간단하고 진짜 맛있었어요!!
469,9445,별빛이쁜하늘,2020-03-24,19:52:23,5,"가족들이 다 맛있다고 하네요 이웃집에두 한접시 드렸어요 ㅎㅎ
음식은 나누어 먹는맛이잖아요^^저는 부추대신 깻잎을 넣었어요~오늘저녁엔 느타리버섯부침개로 밥대신 합니다 맛있게 먹습니다 감사드려요^^~"
470,9446,새댁하찡,2017-09-06,21:34:01,5,"맛있어요!! 팽이버섯도 아작아작 식감도 좋구! 
저는 후추를 좀 뿌렸어요~~ㅎㅎ"
471,9446,물총공주,2019-06-25,22:49:35,5,가염버터가 없어서 무염버터넣고 소금넣어서 했네요. 맛있었어요
472,9446,혜진짱짱,2017-09-07,11:36:43,5,맛있어요 ㅎ감사합니당 ㅎ
473,9446,혜진,2021-06-19,12:31:25,5,너무 맛있었어요 !
474,9446,유록화홍,2017-02-26,13:12:32,4,"간단하고 맛있어요 
애들 입맛 ㅎ"
475,9447,토끼키우기,2020-12-27,20:56:58,5,"기름기를 먹으면 안돼서 베이컨 대신 기름 제한 소고기를 넣고 크림치즈,버터 없이 치즈만 조금 넣고 요리했는데도 맛있게 되었네요
오븐에 30분 구웠는데 버섯이 촉촉하게 맛있게 되네요 남편이 맛있다 합니다
먹는 도중에 찍어서 음식사진이 깨끗하지 못하네요 죄송~~^^"
476,9447,우야워니,2019-08-16,15:05:43,5,"최고입니다.
진짜 맛나요♡"
477,9504,하니,2017-07-30,09:43:04,5,매번 수박 먹을때마다 껍질쓰레기가 아깝고 골칫덩이였는데 이렇게 맛난 반찬이 되니 참 좋아요~^^
478,9504,원주짱10,2018-07-03,15:53:11,5,"수박껍질이 이렇게 유용하게 쓰일줄이야~
덕분에 맛난 반찬 해 먹었어요."
479,9504,왕엄지,2022-08-11,17:46:34,5,"맛잇게잘먹었습니다ㅎㅎ
당분간 반찬걱정없을듯요ㅎ"
480,9504,wow****,2016-05-09,22:54:10,5,맛있다고 남편이 좋아하네요^^
481,9504,미소천사~^^,2016-11-25,08:40:26,5,수박껍질이 유용하죠~^^
482,9504,퀸스아이,2018-07-18,18:33:18,5,맛나네요 감사해요
483,9504,고정민,2016-05-20,18:57:22,3,"올해 첫 수박 먹고 껍질 그냥버리기 뭐해서 만들어 봤어요 맛있는데..
도중에 먹어보고 너무 짜서 깜놀!
소금에 절여놨다 물기만 짜라고 해서 그렇게 했는데..간 맞추느라 진땀; 한번 행궈서 볶고 나중에 간장으로 간맞춰도 좋을 듯.
신선한 레시피 감사해요^^"
484,9515,HYCL,2022-06-29,23:35:46,5,수박을 먹고 남은 껍질 버리려다가 이 레시피보고 처음 도전해봤는데 어머나 신세계네요. 양념비율이 맛있어서 맛있는것같기도 하고 식감과 수박고유의 은근 단맛 때문인거도 같고요. 껍질손질이 좀 힘들긴했는데 이런가성비좋은 반찬이 탄생한다면 충분히 해볼만 하네요. 감사합니다^^
485,9516,vivianJ,2018-11-23,18:29:23,5,"과일을 따로 챙겨먹지 못하는데, 이렇게 반찬으로 먹으니 너무 좋네요. 
게다가 만드는 것도 쉽고! 맛도 굿!"
486,9516,맘은비,2022-07-29,12:23:25,5,"간단한 재료인데, 잘 어울리고 잘 먹고 있답니다♡"
487,9516,산낙지3마리,2020-08-13,19:50:37,5,남은배가 있었늨데 덕분애 잘 먹었어요^^
488,9516,아내사랑,2016-05-04,19:49:34,4,맛있게 먹었습니다. 배는 오래된 것보다는 신선한 것이 좋더군요.
489,9518,하미리김정민,2022-11-08,01:58:21,5,항상 먹다버린단감 알뜰하게 먹겠습니다 만들기 간단하면서도 맛있어요
490,9520,붉은나사산,2021-09-11,09:08:05,5,쉽고 맛나는 반찬이에요
491,9520,흑포,2022-06-03,19:40:20,5,맛있게잘해먹었어요
492,9520,Pingto0210,2022-06-08,18:47:01,5,진짜짱맛있어용
493,9523,이유나,2017-03-01,19:21:20,5,꺄악 우리엄마면 좋겠어요~ㅋㅋㅋ 매일 맛있는거 먹고살게요ㅋㅋ
494,9523,냄mom,2019-03-15,03:22:24,5,전 맛나게 먹었는데 딸냄 입맛엔 아니었나봐요.
495,9524,그그스,2020-02-13,18:20:30,5,와와와~~~~~~~~
496,9525,aym461,2020-04-30,13:10:44,5,"잘 배웠습니다~
맛나겠어용
감사합니다 *^^*"
497,9525,마야기,2019-06-10,18:01:03,4,이 음식을 저희 매장에서 손님들께 반찬으로 완전강추합니다
498,9526,까만콩,2021-10-07,20:53:32,5,맛이 최고네요♡♡♡♡♡
499,9527,요리하는 호랭이,2021-08-06,13:53:47,5,맛난 요리가 되었어요. 이번이 두번째인데 이렇게 만들어 놓고 바로 먹어도 맛있고 1주일 뒤에 먹으면 더 숙성되서 깊은 맛이 나요. 레시피 감사해요♡
500,9527,사랑스런정이,2019-06-30,15:11:13,5,감자칼이 없어서 걍 채 썰었는데 맛있어요 감사해요
501,9527,행지,2020-06-06,19:55:52,5,이대로 만들었는데 넘 넘 맛있게 먹었어요 ^^
502,9527,Ara Shim,2019-05-25,19:41:27,5,이대로 만들었는데 넘넘 맛있었어요.
503,9527,사납쟁이,2019-06-04,19:22:45,5,맛있게 만들어 졌어요.
504,9528,즐겨찾기레시피,2020-02-22,13:05:46,5,꿀 없어서 설탕이랑 물 조금 넣어서 했는데 넘 맛있어요... 매콤 달콤ㅠㅠ 짱짱
505,9528,효지니0191,2020-01-25,14:09:36,5,"처음에는 버스에서 이 동영상을 보면서 곶감..? 간식아닌가 너무 달짝지근하지 않을까 하는생각이 들었었는데, 예상밖으로 입맛에 맞았구 젓갈맛이 나서 밥이랑 먹어도 괜찮겠다는 생각이 들더라고요! 아직 요리초보인데 하루하루 이것저것 간단하게 만들어보면서 자신감도 생기고 뿌듯하네요 좋은레시피 감사드려요ㅎㅎ"
506,9528,우용수,2019-12-26,17:27:54,5,조은요리보네주셔감사합니다
507,9528,ㄱ,2019-12-27,11:31:31,5,최고의 별미 무침이예요~
508,9529,히 히 네 맛나는세상요리꾼ㅎㅋ짱,2020-05-15,08:44:38,5,저는 오이보다오이지 꼬독꼬독씹는맛땜에노각무침해먹는데요 참외두 된다니신기하네요 자연적인단맛 오 대박 참외속은 내입으로 ㅎ 맛읍는참외는 이걸로반찬할께요 콩국수랑 찰궁합ㅎ
509,9529,승희&명희,2022-08-06,16:01:32,5,"울 남편이 참외 써는 모습보더니,
음식가지고 실험하지 말라데요.
그러니 맛을 보더니 투덜거리는 소리가 사라졌어요. ㅋㅋ 
맛있어요."
510,9529,야쿠링,2020-08-03,20:14:14,5,비가 넘 많이 와 밭에 있는참외가 애물단지였는데 이케 무쳐머그니 넘 좋네요 감사드려요
511,9529,The지금,2019-08-10,09:20:49,5,임신으로 김치 같은 걸 못 먹어서 피클류로 만들었는데 밑반찬 하나 잘 만들었네요. 감사합니다~
512,9529,늘곁에love,2020-05-14,17:14:41,5,"레시피대로 고추장 무침 했더니
너무 맛있네요~감사합니다^^"
513,9529,❤Ssuklove❤,2021-09-08,15:21:33,5,저는 단맛이 너무 부족해서 물엿을좀넣었어요ㅎㅎ
514,9529,류정경,2021-08-23,00:11:03,5,맛있게 먹었습니다
515,9530,보배젤리,2022-06-27,19:03:00,5,오랜만에 수박 나물 무쳤는데 레시피 덕에 맛있게 먹었네요 저는 매실청 1스푼 추가했는데 굿!!
516,9530,악의,2021-07-09,07:29:03,5,덕분에 맛있게 요리해서 먹었어요^^
517,9530,김시호,2022-08-16,13:10:07,5,쉽고 편하고 맛있어요
518,9531,할라피뇨프레첼,2021-12-15,14:44:27,5,대박이에요
519,9532,muffin,2021-07-19,09:35:07,5,"손이 잘 안가는 참외 남은 걸로 만들어봤는데
훌륭한 반찬이 되어 순식간에 동이 났어요"
520,9532,맑은하늘바람,2020-08-17,20:03:07,5,"와우 새콤달콤 맛있어요
이거 해보려고 일부러 참외도 사 왔어요
파는 요즘 금파라 비싸서 못 넣었어요ㅜㅜ"
521,9532,Su Jung Lee,2020-08-06,14:40:12,5,"진짜맛있어요! 설탕을 안넣고 반찬을 만들수있다니 최고에요!!!
감사합니다~"
522,9533,준현권,2016-08-27,13:26:57,5,오랜만에 해 먹어보았는데 정말 어렸을때 엄마가 해주었던 음식이 생각나더라고요
523,9533,천혜련,2018-08-03,21:15:51,5,"전 고추장과 대파 안넣고 했는데도 맛나더라구요~~^^
감사합니다 잘보고따라했어요ㅎ"
524,9533,heina1208,2020-06-30,03:46:42,5,"10분절였어도 좀 딱딱한거 빼곤 젛아요
처음으로 수박껍질 먹어보는데 괜찮네요"
525,9533,투투랑 뽀송이랑,2021-06-06,23:31:23,5,"덕분에 맛난 수박무침 되었어요.
감사합니다~^^"
526,9533,사랑의요리♡,2019-08-06,17:02:37,4,똑같이해도 맛이 아직안나요ㅠ
527,9534,아이 엠 연서,2017-06-02,10:42:29,5,와..지금까지 레시피따라 만든요리중 가장 쉽고 가장 맛있었어요ㅋ 감사합니다~ 신랑이랑 맛있게 먹었습니다^^
528,9534,안성도,2017-06-09,12:20:22,5,"맛있게먹었습니다. 소금으로 저리고 물기를 빼고하니
시간지나도 맛이 크게 안변하더군요.
전 청오이가없어서 백오이로 했습니다."
529,9534,장란영,2017-07-09,14:36:51,5,사과가 많아서 시들해가서 어떻게 하나 생각했다가 네시피보고 맛나게 잘해서 먹었습니다.
530,9534,물총공주,2020-02-08,12:05:48,5,"근래에 세번째 해먹네요.
입맛없었는데 확~ 살아났어요.
레시피감사해요~"
531,9534,동동이보고싶어,2020-02-20,22:13:23,5,저는 단게 좋아서 설탕 더 넣었어요. 고기랑 같이 먹었는데 좋아요~
532,9534,신애란,2017-06-09,12:20:22,5,참 맛나게무쳐서 먹었습니다 감사 다음에 더 맛난음식 올려주세요
533,9534,미뇽이새댁,2018-02-10,11:01:37,5,새콤달콤 맛잇는 오이무침이 됐어요!!ㅋㅋ
534,9534,정재훈,2016-11-22,19:41:01,4,"별기대 안했는데, 맛있어요.
저는 양파 한개를 추가해 봤는데 괜찮았아요.
맛있게 잘 먹었습니다."
535,9535,천사4,2018-04-03,18:03:45,5,"봄철에 맛이있습니다.
사과향과부추맛 오늘 도전...^^"
536,9535,Yunjini,2018-07-08,15:06:24,5,고기랑 곁들여 잘먹었어요. 신랑도 정말 좋아했네요
537,9535,Damy,2018-03-26,15:32:50,5,매실청 없어서 콜라 넣었어요. 맛있어요 ^^
538,9535,1+1=♡,2018-04-03,18:21:18,5,굿~맛있어요~~^^
539,9535,실비아림,2018-04-04,09:10:39,5,맛나네요~
540,9535,후리지아꽃후리지아꽃,2018-04-03,17:49:58,5,맛있어요
541,9535,구글의여왕,2018-04-03,18:45:58,5,맛있네요
542,9536,sysysy,2020-12-21,19:15:16,5,재료만 있으면 간단하네요! 저는 미리 만들어놨더니 살짝 물이 생겼네요~~그래도맛있게잘먹었습니다!
543,9536,써니빵꼬,2022-10-04,17:32:05,5,"사과 1개 바나나1개
마요네즈 2큰술 설탕 3분의1 로 만들었어요
처음 만드는데 맛있었습니다"
544,9537,002,2020-01-12,11:18:41,5,사과의 단맛이 양념과 잘 어우러져서 매우 맛있어요ㅎㅎ
545,9538,허갑부,2019-07-13,07:29:09,5,맛은 있는데 고추장이랑 고추가루가 너무 많은듯 합니다 조금만 양줄이시면 딱인듯
546,9538,jsh892****,2020-08-19,20:16:28,5,참외 3개로 맛나게 잘해먹었어요 감사합니다^^
547,9539,witin43,2018-05-14,22:10:06,5,"예전에 할머니가 해주시던맛이 생각나서 오랜망에 해먹어봣어요ㅎㅎㅎ
딱 수박 나올째만 먹을수잇는 별미인거같아요~"
548,9539,Chic한 (Je)ssica,2018-07-04,23:16:08,5,좋아요 맛있게 잘먹었네요
549,9539,/잉큼잉큼~*/,2016-06-05,15:08:28,4,"오독오독거리는걸 좋아해서 물을 완전 꽈~악 짜고,
집에 파가없어서 부추사용,
상큼한거 좋아해서 식초도 한방울 넣어봤어요ㅎ
쉬운 레시피 감사합니다^^~!!
여름내 유용하게 쓸것같아요♥"
550,9540,올리브잎사귀,2017-07-10,19:13:53,5,"넘 두껍게 썰어나봐요
얇게 썰어야 맛이
더 나을드싸네요~"
551,9541,구찌코코,2021-11-14,19:49:10,1,아...이걸어케먹을까요 망햇어요
552,9542,더테라피,2018-08-31,17:20:43,5,"비트를 항상 살짝 삶아서 과일이랑섞어 즙내려서 먹었는데
이렇게 생채로 먹어도 좋네요.
부추, 쪽파 더 넣고 레시피대로 하니 맛있어요^^"
553,9543,saisa,2018-11-06,22:34:21,5,"다른레시피는 액젓이 들어가는데, 없어서 걱정했는데 이건 없는 레시피라 좋았어요 ~ 맛있게 먹었어요~ 오이나 다른거 무쳐고 맛있겠어요."
554,9543,뚠뚠이맘요,2020-11-19,12:45:32,5,식초도 들어가지않고 과하지 않은 양념으로 새콤하고 달콤하니 한끼 딱 잘먹었습니다
555,9543,여행처럼,2020-11-17,08:42:25,5,"맛있는 신메뉴로 식탁이 더 풍성해졌어요. ~
감사합니다.^^"
556,9544,심진욱,2016-08-08,20:32:29,5,과일이라 생각해서 무침으로 먹기가 좀 그럴것같았는데 의외로 너무 맛있더라구요 참외 자체의 단맛도 과하지 않고잘어울려졌어요 감사합니다~^^
557,9544,-J,2021-07-14,20:54:22,5,"먹기 싫은 참외 처치 곤란이였는데
참외무침으로 먹으니 너무 좋네요
좋은 레시피 감사해요~"
558,9544,갱아~~,2016-08-16,09:37:28,5,"생각보다 정말 괜찮아요~
참외에 단맛이있어 설탕은 줄이고 소금은 넣고 양념했는데 맛이 괜 괜찮아요..
맛있게 잘 했습니다~감사합니다~^^"
559,9544,나-야-나,2017-09-21,21:33:54,5,"와이프가 너무너무 좋아하네요
쉐프님 감사합니다"
560,9544,최 미애,2016-08-10,17:47:59,5,더운날씨에 입맛나게해주네요 ^^감사합니당
561,9544,이순우동해,2016-08-15,00:37:30,5,"예 맛있게 먹어내요 
조운정보감사함니다"
562,9544,우종일,2017-06-07,15:36:47,5,맛있게 먹고 있습니다. ㅎㅎ
563,9544,둥이씨맘,2017-07-14,11:58:34,5,맛있었어요!
564,9544,예쁜걸9,2018-08-22,08:44:28,4,"우연히 만개의레시피를 봤어요
처음본것이 참외였는데 다양한 요리방법이있어서 신기했어요
마침 참외가 있어서 순서대로 해봤어요
과일만 생각했는데 반찬으로 먹을수 있어서 좋았어요
감사합니다"
565,9545,Anna02,2018-11-03,01:11:17,5,참 감사합니다 정말 맛있어요
566,9546,강민주님,2017-09-09,15:46:44,5,아삭아삭 맛나요. 쓰레기 양도 줄고
567,9547,흰여우❤️❤️,2019-09-02,21:20:27,5,빨리 저려서 무쳐먹을려다 소금에 너무 저려서 짜긴 했지만 오히려 시간이 지나니 장아찌 처럼 더 맛있네요^^ 덕분에 맛있게 해먹었어요
568,9548,아압두둘라아,2020-03-26,09:02:34,5,삼겹살과 같이먹으니 넘 맛있어요
569,9549,다미애미,2017-04-13,22:53:53,5,저희집 고추장이 싱거워 맛이 안나서 결국은 초장양념으로 무쳐먹었어요. 오독오독 씹히는 식감도 좋고 맛있었어요^^
570,9550,장희자,2020-01-14,09:38:11,5,항상 매실장아찌 먹으면 너무 달아서 좀안좋았는데 담그면서 소금을 약간 넣고 담았더니 아삭하면서도 단맛더하기 약간의 간이 있어서 더 맛있게 먹었답니다
571,9550,꽝주부,2018-06-27,22:49:08,5,매실장아찌 담았는데 건져서 무치면 액기스는 청으로 먹으면되나요 씨를 뺀거라 설탕녹으면 먹을수 있는건지..매실을 건져내면 액기스는 제대로 우러나는건지 궁금하네요
572,9550,kimh****,2022-11-18,18:36:38,5,맛있게 먹었어요. 감사합니다
573,9550,포돌이and밍,2018-09-17,13:32:18,5,맛있어요
574,9551,안연희(가즈꼬),2017-07-06,20:00:31,5,매실장아찌를 얻었는데 이 레시피대로 무쳐서 맛있게 먹었습니다^^
575,9551,배성희1970,2020-08-29,13:17:22,5,설탕에 절인거그냥하니 너무 달아요. 씻어서 사용해도되나요?
576,9551,똘이어멈,2018-12-24,10:38:27,5,레시피가 간단하지만 맛은 최고였던 매실장아찌~
577,9551,이주현,2021-10-13,19:14:09,5,첫맛은 고소하고 씹을수록 새콤달콤 맛나요~~^^
578,9552,우리집댕댕이,2021-08-11,00:19:30,5,"간단히 해먹을수 있어 좋은 레시피입니다
첨이라 고추장양이 좀 많았는데 담엔 조금 줄이면 될듯합니다"
579,9553,은이서니,2017-05-18,17:28:54,5,오이장아찌와 다른 아삭함이 정말 맛있었어요~
580,9553,월란♧손현숙,2018-08-24,18:05:16,5,"저두 청외장아찌 담아요.
감사합니다"
581,9626,해볼라꼬,2022-10-10,06:34:15,5,만들기 쉽고 맛나요.고추 넣은게 매콤하니 좋네요.감사합니다
582,9627,굼벵띠,2021-04-02,11:01:59,5,헉 정말 찾던 거에여ㅠㅠ
583,9628,피쥬,2018-01-25,14:26:41,5,"와~ 양념이 엄청 맛있네요
간단한데두 넘나 맛있어요
덕분에 처치곤란이던 감말랭이 반찬으로 잘 만들어 먹었습니다~ :)"
584,9628,향기써니,2021-01-14,12:52:04,5,감말랭이로 반찬이 되나 의아했는데 상상초월 맛있는 반찬이네요
585,9628,좋다~~♡♡,2021-12-06,17:51:12,5,냉동실 골치덩어리를 맛있는 밑반찬으로 탈바꿈시켰어요
586,9628,다뚱어매,2017-06-01,22:46:48,5,진짜진짜 완전맛있어용!! ㅋ
587,9628,miyou,2021-05-17,16:22:20,5,이거 진짜 쉽고 맛나요~~~~~
588,9628,MadMomo,2018-02-01,23:38:19,5,아주 맛있었어요.
589,9628,호두둥절,2020-04-12,05:23:08,5,너무 맛있네요
590,9629,비잉깅,2019-10-10,09:16:49,5,"방금 만들었어요 ~ 키우던 참외를 너무 빨리 따버려서 피클로 만들었는데, 맛은 어떨지 모르겠네요"
591,9629,rome4u *^^*,2020-07-11,20:01:57,5,참외가지고 피클이라니. 생각도 못하다가 레시피보고 만들었어요. 참외 외에는 그냥 집에 있는 짜투리 채소들 넣었네요.
592,9630,아름다우세요,2020-12-22,23:02:04,5,"겨울이면 늘 해먹는 반찬입니다.
단감을 반찬으로도 먹을 수 있어서 너무 좋아요."
593,9633,엠제이yun,2019-06-03,22:59:39,5,"예전 엄마가 수박무침을 해 주신 기억이 나네요. ㅎㅎ
요즘 장아찌에 푹 빠진 저한테 안성맞춤~ㅋ
여름 나는데 삼겹살은 필수
거기에 요거 하나 올려서 쌈을 싸 먹었을 뿐인데
아~~~행복하네요 ㅋㅋ
언제나 감사해요~^^"
594,9636,일상에서의탈출,2019-07-31,21:55:20,5,"참왹 큰것 몇개 있어서 레시피 보고 만들어 보았는데 생각보다 훨~괜찮았어요~
다른 레시피와는 달리 , 잘라서 말려야 하는 과정이 없어서 택한 레시피 였는데
아삭하고 적당히 달콤세콤 한것이 정말 짱! 입니다~~감사합니다!!"
595,9636,김미선사랑연꽃,2018-09-01,18:30:56,5,색다른방법이라관심있어따라해보았는데정말맞있고좋았어요~감사해요~~^^
596,9636,해마루,2015-05-25,19:50:53,3,"레시피보고 만들었어요
처음 해본 피클 맛이 어떨지 무지 궁금합니다
전 월계수잎과 통후추 몇개 넣었답니다"
597,9637,~^^~2,2020-05-13,18:57:56,5,"정말맛있게해서먹었습니다

저같이 요리못하는 사람도 다할수있을것같아요"
598,9637,랄라라 J,2021-02-02,09:33:33,5,선물로 너무 많은 곶감이 쉽게 맛있는 반찬이 됐어요..!!! 생소하지만 맛있으니 다들 해보셨으면..!!!
599,9637,anderswo,2020-10-10,10:25:22,5,남아도는 곶감이 맛난 반찬으로 변신!!! 좋은 레시피 감사해요
600,9637,최보배,2019-08-07,13:44:06,5,하...이런 천상의맛이
601,9638,*염둥이,2017-09-30,22:36:04,5,"울엄니가 1년전에 주신거 냉장고에 있다가
최고의 반찬으로 탈바꿈했습니다
감사합니다"
602,9638,J유하,2021-05-07,17:47:24,5,"간단하고도 진짜 맛있어요!
일미양념으로도 좋을 것 같아요
이 양념레시피대로 하니 매실짱아찌가 최애 반찬이 됐어요!"
603,9638,dlsrks44,2017-11-18,13:42:24,5,물엿을 한 스푼 다 넣으니 좀 덜아서 다음에 만들 땐 반 스푼 넣어야 할 것 같아요 가족들이랑 맛있게 먹었어요 감사합니다
604,9638,윤제도제도윤제도,2019-09-02,03:03:17,5,"저는 물엿은 넣지않고 했어요~!
시장에서 파는 매실장아찌를 사서
했는데 그냥 그대로도 단맛이 
많더라구요~!"
605,9638,빅키♥,2017-08-24,12:38:35,5,"제가 만든 거라고 믿을 수가 없네요! 너무너무 맛있어요! 입맛 없을 때 요것만 있으면 밥 한그릇 뚝딱이에요! 맛있게 잘 먹었어요, 감사해요!"
606,9638,시냇가의 심은 나무,2019-06-24,17:59:49,5,"깜짝놀랐어요^^
맛있네요~ 물엿 안넣어도 맛있어요
맛있어~~"
607,9638,남주:D,2018-06-16,09:01:56,5,친정엄마가 준 짱아찌로 무쳤어요^^ 맛있네요~
608,9638,조경란ᆞ동우ᆞ동이맘,2017-11-07,21:17:37,5,방금만들었는데 넘맛있어요ㆍ 감사합니다~~
609,9638,달덩이지현,2019-10-07,14:23:50,5,딱 제가 좋아하는 맛이예요! 감사합니다♡
610,9638,misope,2019-10-13,16:16:51,5,짱 맛나네요.. 레시피 감사합니다.^^
611,9638,딸바보2,2019-10-22,21:36:08,5,이렇게 간단한데도 맛있네요 ^^
612,9638,이곰지,2016-07-05,13:28:17,5,지금뚝딱만들었네요 ㅋ맛나욤
613,9638,설화루비,2020-08-01,21:06:32,5,쉽게 만들어봤어요.
614,9638,달달한라떼,2018-10-21,20:24:47,5,맛있어요.~~^^
615,9638,"""인생이란""",2018-10-02,01:01:59,4,너무 맛있어요~^^
616,9639,양현자(근효),2018-08-24,21:16:47,5,"감사합니다.
성공 했어용~"
617,9640,료지니,2020-01-07,19:52:25,5,대박 맛있어요. 친정엄마가 해준맛이 나여~~ 엄마가 매실준거에 양념만 했을뿐인데 꿀맛이에요! 완전 밥도둑입니다. 마늘쫑을 이 무침으로 해도 너무 맛있을것 같아요. 좋은 레시피 감사합니다
618,9640,택이빈이맘,2021-11-19,00:43:19,5,맛볼때마다 양념이 쎄다고느꼈는데 이건 매실 고유의 맛에 감칠맛을 더해준거 같아요 매실장아찌 무침 맛있다고 느낀건 처음인듯..ㅎㅎ
619,9640,하늘초원,2021-07-27,19:16:16,5,맛있네요^^식당에서 밑반찬으로나왔는데 넘그맛이 기억이나서 만들고싶었는데 그맛은 아니더라도 비슷한맛이나서 맛있게 먹을께요
620,9640,J유하,2019-06-19,16:03:39,5,"맛이 좀 더 스며들면 맛있을 것 같습니다^^
달짝지근하니 좋네요~"
621,9640,흑합,2020-09-22,20:33:43,5,맛난 레시피였어요~ 새콤 달콤 잘 먹을게요~고마워요 ♡
622,9640,내사랑 남푠,2020-09-09,20:49:02,5,맛있게 해먹었어요. 아주아주 간단한데 맛있어요.
623,9640,웃음짓는하루,2019-06-16,08:10:18,5,레시피대로 따라해서 쉽고 맛있게 완성했어요 ~^^
624,9640,라니75,2021-11-20,10:05:18,5,"음~~맛있어요~
엄마가 해주시던 맛~~"
625,9640,다연♥서연,2022-04-03,17:16:13,5,넘 맛있게 되었어여~ 감사합니다~^^
626,9640,요리하는 콩심이,2020-10-05,18:09:42,5,"오~~맛있습니다
딸이 잘먹네요~"
627,9640,qqi****,2020-12-01,08:36:58,5,맛있게 무쳤어요. 감사합니다.
628,9640,Neo Moon,2020-10-04,17:46:15,5,"아삭아삭
달콤달콤
맛있네요"
629,9640,hayouSun,2021-09-28,21:06:52,5,맛있네요~~~ 감사합니다~~~~
630,9640,Heidi,2021-12-13,18:18:13,5,맛있게 먹었답니다.
631,9640,주은아빠,2019-09-22,18:17:43,5,맛이 괜찮아요
632,9640,양초딩,2020-11-28,11:21:53,4,맛있어요^^
633,9641,alines1225,2018-10-28,11:42:00,5,"포도로는 처음했는데..
정말 기분좋게 맛있네요"
634,9642,영 Kim,2019-03-12,14:58:07,4,"""1:1:1:1"" 이대로 해 보니 아주 맛나요.감사합니다..^^"
635,9643,YAS,2021-06-23,17:32:24,5,좋아요
636,9644,철나한,2019-09-24,11:55:29,5,"덕분에 마싯게 만들었어요
생깅술은 생략"
637,9645,야시꼬냥이,2020-07-15,22:47:37,5,"너무 맛있어요 
주위에도 나눔했는데 다 맛있다고 해요"
638,9695,Wansoo CHOI,2022-05-26,10:05:26,5,"애나님 덕분에 묵쑤는게 하나도 어렵지 않아요!
자주 해먹고 있어요! 탱글탱글 잘쑤었다고 동네 언니에게 칭찬받아서 그 언니에게도 애나님의 방법을 알려주었습니다. 감사합니다!!!"
639,9696,이빈선우맘 수연,2020-07-23,18:27:55,5,"어머. 간단한데 너무 맛있어요. 채소는 집에 있는대로 당근 양파 표고버섯 대파 청양반 넣었어요.
진짜~~~~ 잘 먹었습니다.^^"
640,9696,Deizi,2021-08-24,16:08:37,5,"두부가 많이 들어가니 두부맛이 많이나서 소스 살짝 뿌려 먹었어요 
냉동해둔 옥수수도 같이 넣었는데, 식감은 딱딱해서 넣지 말걸 그랬어요 ^^;"
641,9696,우나유맘,2020-07-21,19:35:06,5,맛있게 잘먹었네요 레시피가 따라하는게 너무나도 쉬었답니다.
642,9696,angelina_hi,2021-07-07,15:59:21,5,너무 쉽고 맛있어요 비오는날 간단하기에 좋은 레시피에요^^
643,9696,rldusl1216,2021-07-28,11:03:51,5,넘 맛있어요 덕분에 잘 먹었습니다 감사합니다
644,9697,화쿠쿠,2021-04-19,10:36:17,5,맛잇어요♡
645,9698,Bostonivy,2020-09-13,16:02:39,5,"마침 새우살이랑 부추가 있어서 부쳐 봤어요~~
도토리가루는 처음 활용해봤는데~ 진짜 건강해질듯해요~ 감사해요^^"
646,9699,seonmi,2019-12-16,18:37:35,5,"계란도 깨어넣고, 밀가루,소금,버섯,당근,양파 넣고 생비지와 반죽하여 기름 넉넉히 해서 부쳤답니다."
647,9700,살인미소~^^,2016-07-07,23:10:58,5,우리 딸이 딱 입맛에 맞다고 잘 먹네요. 감사~^^
648,9709,클로우버,2022-08-22,03:06:11,5,감자에 꽈리고추 뜸북넣어 만들었더니 밥 반찬에 딱이에요~^^
649,9710,Jo Young Hwa,2020-12-28,08:21:11,5,으헝 접시에 올려 촬영하는것을 깜빡하였습니다~ 그래도 매콤감자든든요리 완성입니다~
650,9711,뿌잉뿌잉뿌,2018-12-06,20:44:54,5,만들기도쉽고 맛있어요ㅎ
651,9712,캔디5218,2022-10-14,07:42:23,4,조금짠거같아 간장양을 조절해야할듯해요 저는 물과설탕을조금추가했어요
652,9713,,2019-08-23,07:54:26,5,"아버지가 좋아하시는 콩장.
어려운 줄 알았는데, 쉽고 맛도 좋네요. ^^"
653,9713,검고네로,2020-01-17,21:03:48,5,간단하고 맛있어서 넘 좋아요...좋은 레시피 감사합니다
654,9713,임현숙01,2019-08-19,20:42:21,5,"레시피 감사합니다.
맛나게 해서 먹었습니다!~^^"
655,9713,나뚱이12,2017-05-27,23:15:21,5,레시피가 참 쉽네요. . 담에 또 해 먹어야쥐 ~~
656,9713,기리느,2019-06-30,22:14:39,5,"적당히 달고 맛있었어요.
감사합니다.^^"
657,9716,빛의 향기,2020-05-21,16:12:52,5,잘 따라 해먹었어요. 문제는 메밀묵 맛이...
